tree
version=v4
num_class=1
num_tree_per_iteration=1
label_index=0
max_feature_idx=28
objective=lambdarank
feature_names=severity_num ai_level_num ai_rank ai_reason_len has_fix mentions_epss is_rce has_exploit is_dos is_info_disclosure is_privilege_escalation is_ssl_related is_zlib_related is_auth_related is_exposed package_risk_score same_cve_count package_frequency repo_findings_count product_findings_count severity_x_package_risk ai_level_x_package_risk severity_gap high_ssl high_package_risk rce_with_fix medium_ssl_fix ai_high_but_scanner_low scanner_high_but_ai_low
feature_infos=[1:3] [1:3] [1:97] [15:114] [0:1] [0:1] none none none none none [0:1] [0:1] none none [1:5] [1:4] [1:80] [18:97] [18:97] [2:15] [1:15] [0:2] [0:1] [0:1] none [0:1] none [0:1]
tree_sizes=1727 1731 1719 1728 1724 1717 1729 1727 1720 1735 1732 1729 1725 1729 1746 1734 1732 1722 1736 1744 1744 1727 1751 1740 1741 1736 1742 1741 1744 1748 1746 1749 1756 1754 1758 1751 1749 1753 1752 1764 1769 1756 1759 1766 1761 1766 1764 1762 1762 1764 1760 1781 1766 1763 1771 1762 1761 1765 1759 1768 1763 1777 1775 1767 1764 1763 1770 1774 1770 1767 1775 1767 1774 1779 1776 1780 1774 1773 1783 1780 1773 1782 1777 1781 1775 1781 1792 1775 1784 1782 1795 1785 1784 1787 1787 1788 1791 1792 1804 1786 1779 1784 1783 1789 1794 1791 1795 1792 1796 1797 1788 1804 1797 1794 1797 1808 1801 1795 1802 1796 1807 1803 1808 1799 1802 1797 1801 1799 1802 1806 1811 1802 1802 1804 1795 1804 1797 1803 1809 1806 1804 1816 1810 1814 1808 1809 1805 1813 1703 1797 1809 1809 1811 1812 1373 1817 1702 1581 1581 1582 1586 1470 1473 1355 1364 1364 1364 1146 1367 1140 1365 1364 1257 1033 1142 927 929 924 925 925 926 922 928 924 928 925 814 812 814 815 819 813 706 814 708 817 598 700 821 819

Tree=0
num_leaves=15
num_cat=0
split_feature=2 0 2 0 2 2 2 1 3 2 1 2 2 3
split_gain=17.2887 1.23597 0.468021 0.625274 0.279139 0.0696182 0.0212611 0.00905825 0.0072515 0.00723865 0.00422948 0.00207196 0.00167134 0.00165291
threshold=10.500000000000002 2.5000000000000004 20.500000000000004 2.5000000000000004 5.5000000000000009 5.5000000000000009 15.500000000000002 2.5000000000000004 62.500000000000007 7.5000000000000009 1.5000000000000002 12.500000000000002 12.500000000000002 59.000000000000007
decision_type=2 2 2 2 2 2 2 2 2 2 2 2 2 2
left_child=1 4 3 -2 -1 -3 7 11 -8 -6 -7 -5 -9 -12
right_child=2 5 -4 6 9 10 8 12 -10 -11 13 -13 -14 -15
leaf_value=0.052615444218190449 -0.099999999999999617 0.099651821947964014 -0.099999999999999964 0.0039844119741130534 -0.05262551885254925 0.065052528830694609 -0.030424766962090274 0.02437033212069151 -0.0076385401142751641 -0.075200591227512784 0.075479545845108673 -0.010518382749839175 0.011241883169544588 0.082830487268705039
leaf_weight=0.074290752410889005 0.34331230819225345 2.2534462511539464 2.1056841416284442 0.042277328670024872 0.059181816875934601 0.067479040473699459 0.071778303012251854 0.041956987231969833 0.067988054826855659 0.088772712275385857 0.16555351391434669 0.058990383520722389 0.057418894022703171 0.14211912825703621
leaf_count=2 7 10 112 2 2 2 4 2 4 3 4 3 3 3
internal_value=0.000168285 0.0867589 -0.0883295 -0.0523874 -0.0264635 0.0963317 -0.00436885 0.00606034 -0.0193406 -0.0661706 0.0763888 -0.00446374 0.0167848 0.0788751
internal_weight=5.64025 2.85084 2.78941 0.683722 0.222245 2.6286 0.34041 0.200644 0.139766 0.147955 0.375152 0.101268 0.0993759 0.307673
internal_count=163 26 137 25 7 19 18 10 8 5 9 5 5 7
is_linear=0
shrinkage=0.05


Tree=1
num_leaves=15
num_cat=0
split_feature=2 2 2 0 2 0 2 1 2 2 16 2 2 2
split_gain=20.3111 2.82417 0.833517 1.40653 0.136372 0.05215 0.0224568 0.00211593 0.00113466 0.00105668 0.00132138 0.000936408 0.000600923 0.000673576
threshold=10.500000000000002 3.5000000000000004 20.500000000000004 2.5000000000000004 4.5000000000000009 2.5000000000000004 6.5000000000000009 2.5000000000000004 6.5000000000000009 18.500000000000004 1.5000000000000002 14.500000000000002 17.500000000000004 12.500000000000002
decision_type=2 2 2 2 2 2 2 2 2 2 2 2 2 2
left_child=1 -1 3 -2 -3 8 -7 -8 -6 10 12 -12 13 -5
right_child=2 4 -4 9 5 6 7 -9 -10 -11 11 -13 -14 -15
leaf_value=0.092811690004090258 -0.092941016203706817 0.03936291300646632 -0.091691746125104043 0.00016843363458238916 -0.0021817763647205544 0.025147855658065679 0.005389892132026077 0.011915585093023325 -0.0071169447440947338 -0.005375838770062139 -3.6240735331176847e-05 -0.0060624817803987315 -0.00119117262655467 0.0051603712868696777
leaf_weight=3.6659168750047684 0.82191818952560403 0.48149795830249775 2.8955393340438604 0.097957201302051544 0.20515948534011819 0.36169962584972382 0.23941319435834885 0.25817104429006577 0.26940415799617767 0.079756502062082291 0.23746910691261292 0.088482692837715149 0.082026943564414978 0.21787668764591217
leaf_count=9 8 3 118 2 2 3 3 3 3 2 5 2 2 5
internal_value=0.00284666 0.0675558 -0.0756062 -0.0469524 0.0165538 0.00832006 0.0156673 0.00877574 -0.00498341 8.62736e-05 0.000688141 -0.00167212 0.00262181 0.0036121
internal_weight=10.0023 5.48126 4.52103 1.62549 1.81535 1.33385 0.859284 0.497584 0.474564 0.803569 0.723813 0.325952 0.397861 0.315834
internal_count=170 26 144 26 17 14 9 6 5 18 16 7 9 7
is_linear=0
shrinkage=0.05


Tree=2
num_leaves=15
num_cat=0
split_feature=2 0 2 0 2 3 2 2 2 2 3 18 3 2
split_gain=17.3418 1.16778 1.02315 0.934127 0.34522 0.136679 0.0444346 0.0307222 0.0105364 0.00826268 0.00409014 0.00385834 0.00313458 0.00155893
threshold=9.5000000000000018 2.5000000000000004 20.500000000000004 2.5000000000000004 5.5000000000000009 56.000000000000007 10.500000000000002 3.5000000000000004 11.500000000000002 16.500000000000004 59.000000000000007 86.000000000000014 62.500000000000007 13.500000000000002
decision_type=2 2 2 2 2 2 2 2 2 2 2 2 2 2
left_child=1 5 3 8 7 -1 -5 -3 -2 11 -6 13 -11 -8
right_child=2 4 -4 6 10 -7 9 -9 -10 12 -12 -13 -14 -15
leaf_value=-0.036429913119902763 -0.070678229700570347 0.086228922439218925 -0.085953855684801531 0.034750852851907925 0.038940259280833389 0.020570016398551397 -0.0036021482154423544 0.073927660426626116 -0.086367366692409436 -0.019465788108786013 0.047332395093098917 0.0011283675138984703 -0.0089098934640776863 -0.011017619765423266
leaf_weight=0.21851152926683415 0.13757792115211465 2.9862452447414403 2.8758619204163551 0.070408418774604797 0.32004635035991658 0.20276001840829849 0.14767999574542046 0.61150243878364552 0.48167580366134644 0.12448010221123695 0.2657434493303299 0.27763026207685471 0.16166504472494125 0.13627534359693527
leaf_count=3 2 8 117 1 4 2 3 4 6 3 3 6 4 3
internal_value=0.00247347 0.0703523 -0.0683516 -0.0354247 0.0783425 -0.00899557 -0.00341658 0.0841381 -0.0828818 -0.00658658 0.0427474 -0.00306298 -0.013502 -0.00716097
internal_weight=9.01806 4.60481 4.41325 1.53739 4.18354 0.421272 0.918139 3.59775 0.619254 0.847731 0.58579 0.561586 0.286145 0.283955
internal_count=169 24 145 28 19 5 20 12 8 19 7 12 7 6
is_linear=0
shrinkage=0.05


Tree=3
num_leaves=15
num_cat=0
split_feature=2 2 2 0 5 21 2 17 2 1 3 1 2 2
split_gain=13.5585 0.86154 0.697003 0.780625 0.349087 0.0242267 0.0105242 0.0196155 0.00769621 0.00340194 0.00254065 0.00237689 0.00182532 0.000467333
threshold=10.500000000000002 4.5000000000000009 20.500000000000004 2.5000000000000004 1.0000000180025095e-35 8.5000000000000018 7.5000000000000009 15.000000000000002 16.500000000000004 2.5000000000000004 62.500000000000007 2.5000000000000004 12.500000000000002 18.500000000000004
decision_type=2 2 2 2 2 2 2 2 2 2 2 2 2 2
left_child=1 5 3 -2 -3 -1 7 -6 9 -5 13 -8 -11 -10
right_child=2 4 -4 8 6 -7 11 -9 10 12 -12 -13 -14 -15
leaf_value=0.066620731929261476 -0.08201261172437585 -0.035570524673221936 -0.081049211117200481 -0.0059460505277661446 0.03486489178486829 0.081493041885623008 0.027856483783203156 0.055284791983036187 -0.012594943529337727 0.0084127929169249462 -0.0063086345722913814 0.036247257564486157 -0.00016213242978390779 -0.017975273006342586
leaf_weight=0.31096842885017473 0.56804534047842004 0.19028968736529372 2.8976369667798281 0.18377876654267311 0.25152176618576005 2.2926825359463692 0.13655173778533936 0.22089134156703949 0.082689326256513596 0.095847554504871368 0.15835815668106079 0.22099267691373825 0.17605867981910706 0.078841276466846466
leaf_count=2 8 3 125 4 3 8 2 2 2 2 4 3 4 2
internal_value=-0.00656432 0.0644558 -0.0672468 -0.0374805 0.0255102 0.0797168 0.0395146 0.0444128 -0.00486432 -0.000691173 -0.010809 0.0330427 0.00286055 -0.015221
internal_weight=7.86515 3.6239 4.24126 1.34362 1.02025 2.60365 0.829958 0.472413 0.775574 0.455685 0.319889 0.357544 0.271906 0.161531
internal_count=174 23 151 26 13 10 10 5 18 10 8 5 6 4
is_linear=0
shrinkage=0.05


Tree=4
num_leaves=15
num_cat=0
split_feature=2 2 2 11 0 2 2 4 2 2 18 2 2 1
split_gain=11.8992 1.22135 0.553583 0.438828 0.267341 0.100531 0.0590847 0.0141203 0.0117494 0.00497027 0.00372516 0.00128614 0.00118776 0.00105989
threshold=12.500000000000002 5.5000000000000009 20.500000000000004 1.0000000180025095e-35 2.5000000000000004 3.5000000000000004 10.500000000000002 1.0000000180025095e-35 7.5000000000000009 8.5000000000000018 86.000000000000014 14.500000000000002 14.500000000000002 2.5000000000000004
decision_type=2 2 2 2 2 2 2 2 2 2 2 2 2 2
left_child=1 5 3 10 8 -1 9 -7 -3 -6 11 -2 -12 -11
right_child=2 4 -4 -5 6 7 -8 -9 -10 13 12 -13 -14 -15
leaf_value=0.077850360788642464 -0.0049984091726846406 -0.014062629108158729 -0.0771302524369607 -0.078397305673946052 0.037920621163837001 0.04893915079002234 0.0038727407574484516 0.063906125197886562 -0.034232430591346868 0.026362239831769052 0.0027623390970828426 -0.012139531134922495 -0.0041408440567984204 0.032579150094014228
leaf_weight=2.7538722828030591 0.090633787214756345 0.12605603039264657 2.4919043369591236 0.32439674064517021 0.4976634681224823 0.34472006559371948 0.19085239991545677 0.29028713703155506 0.16900485008955002 0.13418159633874893 0.089789386838674545 0.20718097686767578 0.20361553132534027 0.14017617702484131
leaf_count=9 2 2 113 5 6 3 4 2 3 2 2 5 5 2
internal_value=0.00605537 0.0580975 -0.0649141 -0.0316672 0.0160238 0.073715 0.0287836 0.0557812 -0.0256155 0.0349419 -0.00602689 -0.00996628 -0.00202829 0.0295386
internal_weight=8.05433 4.64681 3.40752 0.915616 1.25793 3.38888 0.962874 0.635007 0.295061 0.772021 0.59122 0.297815 0.293405 0.274358
internal_count=165 33 132 19 19 14 14 5 5 10 14 7 7 4
is_linear=0
shrinkage=0.05


Tree=5
num_leaves=15
num_cat=0
split_feature=20 3 3 17 4 3 17 0 16 5 4 3 16 3
split_gain=5.61856 0.719475 1.10945 0.884158 0.847576 0.434038 0.229009 0.228695 0.164897 0.131807 0.110069 0.28682 0.114909 0.0833132
threshold=8.5000000000000018 62.500000000000007 54.500000000000007 9.0000000000000018 1.0000000180025095e-35 20.500000000000004 4.0000000000000009 2.5000000000000004 2.5000000000000004 1.0000000180025095e-35 1.0000000180025095e-35 34.500000000000007 2.5000000000000004 56.000000000000007
decision_type=2 2 2 2 2 2 2 2 2 2 2 2 2 2
left_child=7 2 3 4 -2 -5 -6 8 -1 -9 12 -12 -7 -4
right_child=1 -3 13 5 6 10 -8 9 -10 -11 11 -13 -14 -15
leaf_value=-0.074427993431511005 0.068075723185260797 -0.03604266894806013 0.07522582689887268 0.030344442050373999 0.027812691429900522 -0.073478491954177924 -0.051843886612509688 -0.073969828977785354 -0.037451170291037714 -0.010067384150266999 0.021150454344741151 -0.053155990804901999 -0.0071347693256473849 0.054508174074332227
leaf_weight=1.6975408326834447 0.97008392214775085 0.36640398204326619 1.0154693871736524 0.36751710996031739 0.14950403571128867 0.25522878021001794 0.22757963463664055 0.110006058588624 0.36662009172141541 0.30284105427563179 0.23391830548644088 0.29195107519626617 0.087691407650709152 0.92937377281486977
leaf_count=64 4 15 3 5 3 14 9 5 9 8 4 10 2 7
internal_value=0.000295828 0.0313484 0.0368013 0.0153281 0.0433492 -0.0152057 -0.0202621 -0.061066 -0.0678605 -0.0270946 -0.0344743 -0.0201028 -0.0565131 0.0653256
internal_weight=7.37173 4.89472 4.52832 2.58347 1.34717 1.23631 0.377084 2.47701 2.06416 0.412847 0.86879 0.525869 0.34292 1.94484
internal_count=162 76 61 51 16 35 12 86 73 13 30 14 16 10
is_linear=0
shrinkage=0.05


Tree=6
num_leaves=15
num_cat=0
split_feature=2 2 2 0 5 2 18 4 2 3 2 2 2 17
split_gain=9.85185 0.824346 0.639904 0.485914 0.112529 0.0250268 0.00893917 0.00841161 0.00480351 0.000796369 0.000666259 0.000479628 0.000159639 0.000108892
threshold=10.500000000000002 5.5000000000000009 20.500000000000004 2.5000000000000004 1.0000000180025095e-35 3.5000000000000004 86.000000000000014 1.0000000180025095e-35 7.5000000000000009 59.000000000000007 7.5000000000000009 18.500000000000004 15.500000000000002 49.000000000000007
decision_type=2 2 2 2 2 2 2 2 2 2 2 2 2 2
left_child=1 5 3 -2 8 13 -5 10 -3 -9 -6 12 -8 -1
right_child=2 4 -4 6 7 -7 11 9 -10 -11 -12 -13 -14 -15
leaf_value=0.072921334606894941 -0.073355889534212959 -0.0077629595147594814 -0.071643363108918806 -0.0095506307054347081 0.023409988217330636 0.059418735925868597 0.0013574361603914051 0.034457868310316046 -0.02291880685050374 0.029794994253670316 0.019139354819619092 -0.0022333762692097309 0.0035960989744102424 0.072251149495521291
leaf_weight=1.4552001804113397 0.36875244975090049 0.11008436605334315 2.4703268576413393 0.33550359308719635 0.16456488519907031 0.41774794459342945 0.22813589498400688 0.1485622972249977 0.099564626812934875 0.23868755996227264 0.20521014928817749 0.076396554708480835 0.12233901768922806 1.0387523919343948
leaf_count=6 7 2 120 8 2 3 5 2 2 3 3 2 3 3
internal_value=0.00216645 0.0574629 -0.0573818 -0.0262353 0.0174561 0.070745 -0.00344354 0.0264336 -0.0149606 0.0315838 0.02104 0.00135638 0.00213888 0.0726422
internal_weight=7.47983 3.87837 3.60145 1.13113 0.966674 2.9117 0.762375 0.757025 0.209649 0.38725 0.369775 0.426871 0.350475 2.49395
internal_count=171 26 145 25 14 12 18 10 4 5 5 10 8 9
is_linear=0
shrinkage=0.05


Tree=7
num_leaves=15
num_cat=0
split_feature=2 2 2 0 0 2 2 15 19 15 2 2 2 2
split_gain=7.69047 0.767883 0.55401 0.448841 0.249091 0.0748835 0.0147186 0.00686187 0.0058113 0.004609 0.00122471 0.000879897 0.000219399 0.000153189
threshold=10.500000000000002 3.5000000000000004 20.500000000000004 2.5000000000000004 2.5000000000000004 5.5000000000000009 7.5000000000000009 4.5000000000000009 86.000000000000014 3.5000000000000004 7.5000000000000009 14.500000000000002 12.500000000000002 16.500000000000004
decision_type=2 2 2 2 2 2 2 2 2 2 2 2 2 2
left_child=1 -1 3 -2 6 -6 7 -3 11 10 -7 -5 -10 -13
right_child=2 4 -4 8 5 9 -8 -9 12 -11 -12 13 -14 -15
leaf_value=0.070636342171514377 -0.070978336828090627 0.0033232556625062111 -0.069357512341638894 -0.0046513946680456272 0.056554102384394171 0.025370545434778208 -0.026206065203044023 -0.013540550169132673 0.0031597097005553474 0.031554696883514387 0.020028886032679223 -0.011448507830483181 0.00034773776190282044 -0.0087676403765090324
leaf_weight=1.9788835644721987 0.37326551973819755 0.11435181275010087 2.3628475917503238 0.13808397203683853 0.28507006168365479 0.22806939482688904 0.13443910703063011 0.12766613066196442 0.095414180308580399 0.23567134141921997 0.20264996588230133 0.079978663474321365 0.25410057231783867 0.15966535359621048
leaf_count=7 8 2 118 3 2 3 3 2 2 3 3 2 6 4
internal_value=-0.00363804 0.050899 -0.0557098 -0.0264076 0.0214861 0.0351076 -0.0129411 -0.00557252 -0.0035311 0.0259332 0.0228573 -0.00783052 0.00111538 -0.00966235
internal_weight=6.77016 3.3068 3.46336 1.10051 1.32792 0.951461 0.376457 0.242018 0.727243 0.666391 0.430719 0.377728 0.349515 0.239644
internal_count=168 25 143 25 18 11 7 4 17 9 6 9 8 6
is_linear=0
shrinkage=0.05


Tree=8
num_leaves=15
num_cat=0
split_feature=2 2 2 0 18 2 3 2 18 15 2 2 1 1
split_gain=7.30346 0.617626 0.546586 0.39837 0.256436 0.0795211 0.0202897 0.0052288 0.00420816 0.0027146 0.000824494 0.000783656 0.000579053 0.000577773
threshold=10.500000000000002 3.5000000000000004 20.500000000000004 2.5000000000000004 46.500000000000007 5.5000000000000009 56.000000000000007 8.5000000000000018 86.000000000000014 3.5000000000000004 14.500000000000002 17.500000000000004 1.5000000000000002 2.5000000000000004
decision_type=2 2 2 2 2 2 2 2 2 2 2 2 2 2
left_child=1 -1 3 -2 6 13 7 -3 10 12 -5 -10 -7 -6
right_child=2 4 -4 8 5 9 -8 -9 11 -11 -12 -13 -14 -15
leaf_value=0.068838742614468915 -0.069150981328092276 -0.014010008061668031 -0.067419619173056874 -0.0048730725473479768 0.050900850447227336 0.020827620029360575 0.0050649074225240752 -0.029863692136821125 0.001840237584539571 0.029875642612817579 -0.0093325436676018492 -0.0032201428933306335 0.02502428550390853 0.054255659076384716
leaf_weight=2.0057089477777486 0.34050163999199889 0.14116206020116795 2.1843122467398643 0.18288701400160789 0.24738338589668252 0.12932626903057098 0.12878526374697685 0.082350403070449829 0.22081097215414047 0.31433321535587311 0.23922399058938026 0.11706854030489922 0.22554527223110199 0.26670190691947937
leaf_count=7 8 3 113 4 2 2 2 2 5 4 6 3 3 2
internal_value=0.000757466 0.0505681 -0.0529426 -0.0242078 0.0267038 0.0378527 -0.0107429 -0.0198511 -0.00407166 0.026492 -0.0074004 8.69163e-05 0.0234949 0.0526413
internal_weight=6.8261 3.5413 3.2848 1.10049 1.53559 1.18329 0.352298 0.223512 0.759991 0.669205 0.422111 0.33788 0.354872 0.514085
internal_count=166 27 139 26 20 13 7 5 18 9 10 8 5 4
is_linear=0
shrinkage=0.05


Tree=9
num_leaves=15
num_cat=0
split_feature=2 2 2 0 0 2 3 19 2 15 2 2 2 3
split_gain=6.03231 0.68514 0.523227 0.300335 0.208272 0.0553791 0.0235273 0.00417355 0.00384011 0.00160774 0.000914163 0.000804137 0.000328313 0.00018561
threshold=10.500000000000002 20.500000000000004 3.5000000000000004 2.5000000000000004 2.5000000000000004 5.5000000000000009 56.000000000000007 86.000000000000014 8.5000000000000018 3.5000000000000004 14.500000000000002 18.500000000000004 12.500000000000002 36.500000000000007
decision_type=2 2 2 2 2 2 2 2 2 2 2 2 2 2
left_child=2 3 -1 -2 6 -6 8 10 -4 -7 -5 12 -9 -12
right_child=1 -3 4 7 5 9 -8 11 -10 -11 13 -13 -14 -15
leaf_value=0.067238514235647709 -0.067591688937406566 -0.065760240500680536 -0.014414465565852861 -0.0043159505875065389 0.051095072067932512 0.022948168834516489 0.0081142018078149882 0.0035299209047073531 -0.028419955824611695 0.028548297572087235 -0.0071044946468180707 -0.0045990529742177535 0.00010070890371366056 -0.010034681365153635
leaf_weight=1.6784217990934851 0.23219423741102241 2.1981201404705644 0.1332239434123037 0.18228117376565933 0.38890933990478516 0.21781396865844727 0.1208910308778286 0.095727525651454926 0.077363923192024231 0.31137765198945999 0.082727793604135513 0.077341333031654358 0.25767629593610764 0.15587424859404564
leaf_count=7 6 119 3 4 3 3 2 2 2 4 2 2 6 4
internal_value=-0.00317204 -0.0497186 0.0490012 -0.0171844 0.024505 0.0367706 -0.00946696 -0.00344098 -0.0195597 0.0262433 -0.00698199 1.89532e-05 0.00102959 -0.00901873
internal_weight=6.20994 3.28194 2.928 1.08382 1.24958 0.918101 0.331479 0.851628 0.210588 0.529192 0.420883 0.430745 0.353404 0.238602
internal_count=169 145 24 26 17 10 7 20 5 7 10 10 8 6
is_linear=0
shrinkage=0.05


Tree=10
num_leaves=15
num_cat=0
split_feature=2 2 2 0 11 2 3 18 20 2 2 2 2 2
split_gain=6.63756 0.505103 0.446997 0.308722 0.0985161 0.052126 0.0153069 0.00333714 0.00264311 0.00159455 0.00104645 0.000421742 0.000150616 0.000146951
threshold=10.500000000000002 3.5000000000000004 20.500000000000004 2.5000000000000004 1.0000000180025095e-35 5.5000000000000009 56.000000000000007 86.000000000000014 11.000000000000002 7.5000000000000009 14.500000000000002 12.500000000000002 12.500000000000002 1.5000000000000002
decision_type=2 2 2 2 2 2 2 2 2 2 2 2 2 2
left_child=1 13 3 -2 5 -3 -6 10 9 -7 12 -9 -5 -1
right_child=2 4 -4 7 6 8 -8 11 -10 -11 -12 -13 -14 -15
leaf_value=0.066352669153207214 -0.066364799733278051 0.04744142983764358 -0.064333737863127655 -0.0025107819479333556 -0.015584176876001299 0.024821981743102354 0.0098310704014912334 0.0033171089026852655 0.027246906520154535 0.017920297411867871 -0.0091860955737297963 -0.00082630536594683474 -0.005392321700100464 0.065501122979984755
leaf_weight=1.0883233100175864 0.28184206783771548 0.36773321777582146 2.1320259869098663 0.093182846903800964 0.12333576008677472 0.14590601623058319 0.11400395631790161 0.095800567418336868 0.3082154393196106 0.19626010209321976 0.19534563273191452 0.17110184952616692 0.088339991867542267 0.94790589809417714
leaf_count=3 8 3 121 2 3 2 2 2 4 3 5 4 2 6
internal_value=0.00130552 0.0505769 -0.0517373 -0.0227231 0.025633 0.0323956 -0.0033762 -0.00361679 0.0238885 0.0208633 -0.00664631 0.00066091 -0.00391311 0.0659563
internal_weight=6.34932 3.29168 3.05764 0.925613 1.25545 1.01811 0.23734 0.643771 0.650382 0.342166 0.376868 0.266902 0.181523 2.03623
internal_count=170 26 144 23 17 12 5 15 9 5 9 6 4 9
is_linear=0
shrinkage=0.05


Tree=11
num_leaves=15
num_cat=0
split_feature=2 2 2 0 5 2 17 2 15 18 2 2 2 2
split_gain=5.05668 0.535887 0.499089 0.289813 0.164334 0.0354398 0.0145072 0.00376537 0.00324253 0.00201947 0.000899489 0.000627437 0.000373059 0.000233712
threshold=10.500000000000002 20.500000000000004 3.5000000000000004 2.5000000000000004 1.0000000180025095e-35 5.5000000000000009 15.000000000000002 7.5000000000000009 3.5000000000000004 86.000000000000014 14.500000000000002 17.500000000000004 7.5000000000000009 8.5000000000000018
decision_type=2 2 2 2 2 2 2 2 2 2 2 2 2 2
left_child=2 3 -1 -2 7 6 -6 -4 12 10 -5 -11 -7 -10
right_child=1 -3 4 9 5 8 -8 -9 13 11 -12 -13 -14 -15
leaf_value=0.064896046396704724 -0.065134109906002435 -0.063133285823651616 -0.011758746063184517 -0.0036681252818297513 0.029331997569497548 0.02085008913942402 0.045612047805551142 -0.02606323124768356 0.027300881619854007 5.0129964544208725e-05 -0.0083536490235644328 -0.0043323162671001312 0.017451088336069159 0.024525827218247798
leaf_weight=1.5441988185048106 0.25489874370396159 1.900442670099437 0.081057488918304332 0.18061883002519608 0.22187105566263177 0.13823448866605759 0.35705208033323288 0.10638348385691643 0.16256790608167648 0.26541418209671974 0.23660703375935555 0.11797617375850677 0.19404514878988266 0.14226876944303513
leaf_count=7 8 112 2 4 3 2 3 3 2 6 6 3 3 2
internal_value=-0.0010577 -0.0472675 0.0452819 -0.0187013 0.0237011 0.0304183 0.0393728 -0.0198774 0.0222817 -0.00391807 -0.00632527 -0.00129843 0.0188651 0.0260058
internal_weight=5.90364 2.95596 2.94768 1.05551 1.40348 1.21604 0.578923 0.187441 0.637116 0.800616 0.417226 0.38339 0.33228 0.304837
internal_count=166 139 27 27 20 15 6 5 9 19 10 9 5 4
is_linear=0
shrinkage=0.05


Tree=12
num_leaves=15
num_cat=0
split_feature=2 2 2 0 5 2 16 15 2 18 15 2 2 2
split_gain=4.8816 0.50644 0.494844 0.196936 0.140904 0.0336622 0.0128638 0.0303765 0.00287994 0.00225065 0.00182963 0.00101047 0.000936461 0.000853859
threshold=10.500000000000002 20.500000000000004 3.5000000000000004 2.5000000000000004 1.0000000180025095e-35 5.5000000000000009 2.5000000000000004 3.5000000000000004 7.5000000000000009 86.000000000000014 3.5000000000000004 7.5000000000000009 14.500000000000002 14.500000000000002
decision_type=2 2 2 2 2 2 2 2 2 2 2 2 2 2
left_child=2 3 -1 -2 8 6 -6 -8 -4 12 11 -7 -5 -11
right_child=1 -3 4 9 5 10 7 -9 -10 13 -12 -13 -14 -15
leaf_value=0.064092505735487804 -0.063957164749854328 -0.062083910671903032 -0.011462498141514297 -0.0026056889424447682 0.046912095243285101 0.02192013798103145 0.042115447605911432 0.0090598728418441448 -0.024376399410956859 0.002206006686630567 0.02470824455839532 0.016927198628361697 -0.0087582046390623017 -0.0026971523940635448
leaf_weight=1.5152571611106398 0.16809131763875518 1.9471737798303363 0.076295379549264797 0.090932037681341171 0.23994360119104363 0.21500039845705032 0.21852409094572067 0.10191377252340317 0.09944472648203373 0.13912640884518623 0.30120564997196198 0.19166948273777962 0.19336719065904617 0.24542553722858429
leaf_count=7 6 120 2 2 2 3 2 2 3 3 4 3 5 6
internal_value=-0.000578753 -0.048103 0.0441329 -0.0155759 0.0231882 0.0290023 0.0381576 0.0316023 -0.01877 -0.00341709 0.0217546 0.0195669 -0.00679035 -0.000923247
internal_weight=5.74337 2.78412 2.95925 0.836942 1.444 1.26826 0.560381 0.320438 0.17574 0.668851 0.707876 0.40667 0.284299 0.384552
internal_count=170 142 28 22 21 16 6 4 5 16 10 6 7 9
is_linear=0
shrinkage=0.05


Tree=13
num_leaves=15
num_cat=0
split_feature=2 2 2 0 0 2 4 2 2 19 2 1 1 2
split_gain=4.52933 0.6142 0.375657 0.220742 0.106943 0.036584 0.0147714 0.00633254 0.00570182 0.00192624 0.00115992 0.00102555 0.000870357 0.00057538
threshold=9.5000000000000018 20.500000000000004 3.5000000000000004 2.5000000000000004 2.5000000000000004 5.5000000000000009 1.0000000180025095e-35 11.500000000000002 12.500000000000002 86.000000000000014 7.5000000000000009 2.5000000000000004 2.5000000000000004 17.500000000000004
decision_type=2 2 2 2 2 2 2 2 2 2 2 2 2 2
left_child=2 3 -1 8 6 12 -4 -5 -2 -9 -8 -7 -6 -11
right_child=1 -3 4 7 5 11 10 9 -10 13 -12 -13 -14 -15
leaf_value=0.06325144961918909 -0.044721793067072829 -0.061154907585719689 0.0098704140822078387 0.0070856551218206791 0.040778195079416907 0.020175438967132846 -0.011348142160959291 -0.006975409252229732 -0.063478737962346696 -0.00043159457770864805 -0.020587357512508703 0.025024523750131884 0.045207939145756632 -0.0046313567951573736
leaf_weight=1.5206151790916922 0.05413872189819835 1.8239516466856001 0.096361324191093445 0.15348107740283012 0.2119351252913475 0.20719002187252045 0.072030056267976539 0.32155929878354073 0.16102101653814316 0.2647273913025856 0.064290102571249008 0.23016707599163055 0.23257021605968475 0.11786430329084396
leaf_count=7 2 118 2 3 2 3 2 8 6 6 2 3 2 3
internal_value=-0.000346032 -0.0434977 0.0470892 -0.0134772 0.0250385 0.0329942 -0.00511362 -0.00211702 -0.0587591 -0.00412289 -0.0157055 0.0227274 0.0430959 -0.00172541
internal_weight=5.5319 2.89674 2.63516 1.07279 1.11454 0.881862 0.232681 0.857632 0.21516 0.704151 0.13632 0.437357 0.444505 0.382592
internal_count=169 146 23 28 16 10 6 20 8 17 4 6 4 9
is_linear=0
shrinkage=0.05


Tree=14
num_leaves=15
num_cat=0
split_feature=2 2 2 0 5 2 17 15 2 18 2 2 2 3
split_gain=3.91919 0.522548 0.424054 0.219677 0.106824 0.0304305 0.00881497 0.00250488 0.00167351 0.00166237 0.00080613 0.000647302 0.000230905 0.000225893
threshold=10.500000000000002 20.500000000000004 3.5000000000000004 2.5000000000000004 1.0000000180025095e-35 5.5000000000000009 15.000000000000002 3.5000000000000004 7.5000000000000009 86.000000000000014 16.500000000000004 14.500000000000002 12.500000000000002 36.500000000000007
decision_type=2 2 2 2 2 2 2 2 2 2 2 2 2 2
left_child=2 3 -1 -2 8 6 -6 -7 -4 11 12 -5 -11 -13
right_child=1 -3 4 9 5 7 -8 -9 -10 10 -12 13 -14 -15
leaf_value=0.062559599578127595 -0.062765671247280608 -0.060351447304541575 -0.010918055512854135 -0.0035177711441347886 0.027879716851561234 0.016747472165217971 0.041293744554040834 0.023149644167545985 -0.021368681921729291 0.0025130143956048701 -0.0039639498564285483 -0.0056752492800097266 -0.00054824701444056189 -0.0091417333235261963
leaf_weight=1.2934201024472716 0.19236591830849681 1.7228182572871444 0.068096227943897136 0.17657488584518433 0.19637486338615395 0.31913146376609802 0.32544376701116562 0.29310272634029388 0.087570212781429291 0.094839330762624741 0.15868587791919708 0.080308262258768082 0.17574827000498772 0.11329901963472366
leaf_count=7 8 117 2 4 3 5 3 4 3 2 4 2 4 3
internal_value=-0.00175614 -0.0437068 0.0423301 -0.0147947 0.0220426 0.027374 0.0362457 0.0198125 -0.0167971 -0.00325185 -0.00113458 -0.00570711 0.000524707 -0.00770384
internal_weight=5.29778 2.71464 2.58314 0.991822 1.28972 1.13405 0.521819 0.612234 0.155666 0.799456 0.429273 0.370182 0.270588 0.193607
internal_count=171 144 27 27 20 15 6 9 5 19 10 9 6 5
is_linear=0
shrinkage=0.05


Tree=15
num_leaves=15
num_cat=0
split_feature=2 2 2 0 18 2 3 2 3 2 15 1 17 18
split_gain=4.16413 0.507282 0.462005 0.146941 0.0912568 0.0467963 0.0131681 0.00199849 0.00169736 0.00135854 0.00110846 0.000998934 0.000837451 0.000642653
threshold=10.500000000000002 20.500000000000004 3.5000000000000004 2.5000000000000004 46.500000000000007 5.5000000000000009 56.000000000000007 6.5000000000000009 36.500000000000007 7.5000000000000009 3.5000000000000004 2.5000000000000004 15.000000000000002 86.000000000000014
decision_type=2 2 2 2 2 2 2 2 2 2 2 2 2 2
left_child=2 3 -1 -2 6 11 9 -7 13 -4 -9 -6 -10 -5
right_child=1 -3 4 8 5 7 -8 10 12 -11 -12 -13 -14 -15
leaf_value=0.061890251336696324 -0.061893129732586094 -0.059628659679645216 -0.010549937489589207 -0.0035638927063806024 0.038239028434549918 0.024547933050328298 0.0086573513855472684 0.016186001695622253 -0.0097054462468042085 -0.020269673841218666 0.020882987331024037 0.04313227317448385 -0.0042690247467098283 0.00047720144051436957
leaf_weight=1.5375148355960848 0.12661646865308318 1.7475954834371803 0.064052402973174938 0.1735856756567955 0.19868328422307946 0.15375135838985443 0.086009051650762558 0.31414531916379929 0.11004820093512535 0.081940645352005959 0.20929531753063202 0.2195572629570961 0.19882432743906975 0.22708987444639206
leaf_count=9 6 125 2 4 2 2 2 5 3 3 3 2 5 5
internal_value=0.00172366 -0.0443039 0.0432337 -0.0122749 0.0216245 0.0276578 -0.00686222 0.0195362 -0.00342066 -0.0160053 0.0180641 0.0408078 -0.00620597 -0.00127353
internal_weight=5.44871 2.58376 2.86495 0.836165 1.32743 1.09543 0.232002 0.677192 0.709548 0.145993 0.523441 0.418241 0.308873 0.400676
internal_count=178 148 30 23 21 14 7 10 17 5 8 4 8 9
is_linear=0
shrinkage=0.05


Tree=16
num_leaves=15
num_cat=0
split_feature=2 2 2 18 18 2 3 2 21 1 3 2 1 2
split_gain=3.8698 0.465864 0.339272 0.175489 0.0615668 0.0330087 0.0131221 0.00181812 0.00100385 0.00082206 0.000749844 0.000411827 0.000388661 0.000239972
threshold=10.500000000000002 20.500000000000004 3.5000000000000004 46.500000000000007 46.500000000000007 5.5000000000000009 56.000000000000007 14.500000000000002 5.5000000000000009 2.5000000000000004 62.500000000000007 7.5000000000000009 2.5000000000000004 18.500000000000004
decision_type=2 2 2 2 2 2 2 2 2 2 2 2 2 2
left_child=2 3 -1 -2 6 9 -4 12 -7 -6 -9 -10 -5 -12
right_child=1 -3 4 7 5 8 -8 10 11 -11 13 -13 -14 -15
leaf_value=0.061376601654784847 -0.061556526010067385 -0.059007604357955129 -0.019536693287487666 -0.0027737421645311093 0.03725345120394382 0.016277885389547362 0.0092563961877902712 -0.0076723114032854929 0.023533995002634645 0.041766012133880211 -0.0020892169187932117 0.02009365727603675 0.00080455703502461278 -0.0056591351657358686
leaf_weight=1.4501218721270563 0.15857356414198909 1.5713296839967368 0.07700398378074147 0.12989538162946701 0.19240564852952957 0.12107792496681213 0.08139878511428833 0.22666391357779503 0.15063475072383881 0.21226811408996582 0.12216093763709068 0.20587003976106644 0.18250608071684837 0.07658655196428299
leaf_count=9 8 118 3 3 2 2 2 6 2 2 3 3 4 2
internal_value=0.00177792 -0.0425992 0.0457441 -0.013836 0.0239608 0.029114 -0.00474072 -0.00357967 0.0202114 0.0396205 -0.00570664 0.0215473 -0.000683287 -0.00346487
internal_weight=4.9585 2.46772 2.49078 0.896386 1.04066 0.882256 0.158403 0.737813 0.477583 0.404674 0.425411 0.356505 0.312401 0.198747
internal_count=169 144 25 26 16 11 5 18 7 4 11 5 7 5
is_linear=0
shrinkage=0.05


Tree=17
num_leaves=15
num_cat=0
split_feature=0 3 3 3 1 3 19 4 16 19 1 3 15 3
split_gain=1.2418 0.266273 0.351886 0.369651 0.127329 0.115166 0.108963 0.108439 0.105182 0.0619284 0.0316478 0.0230919 0.0279149 0.0209722
threshold=2.5000000000000004 20.500000000000004 54.500000000000007 62.500000000000007 2.5000000000000004 34.500000000000007 46.500000000000007 1.0000000180025095e-35 2.5000000000000004 46.500000000000007 1.5000000000000002 69.500000000000014 3.5000000000000004 56.000000000000007
decision_type=2 2 2 2 2 2 2 2 2 2 2 2 2 2
left_child=8 4 5 13 10 7 -7 -3 -1 -10 -2 12 -5 -4
right_child=1 2 3 11 -6 6 -8 -9 9 -11 -12 -13 -14 -15
leaf_value=-0.058929729033394808 0.0047768044888888668 -0.058012896362265191 0.05982864980103203 0.015721535830931773 0.060593714160542891 0.058845829013757067 -0.043969489656446696 0.0058521401264152008 -0.0088177476318933978 -0.05824607058848727 0.028692950931123885 -0.058118948565635022 -0.021705305039018696 0.037860865831566691
leaf_weight=1.005411180667579 0.24372772499918971 0.079956303350627422 0.14038577675819375 0.059869773685932159 0.26098345965147018 0.027144692838191986 0.50860665552318096 0.39394316822290443 0.19655803218483914 0.093519323505461216 0.31985640898346901 0.034754433669149876 0.29681581631302834 0.48053462337702513
leaf_count=72 5 7 2 1 2 1 34 8 7 8 4 3 15 6
internal_value=-0.0106953 0.00777366 -0.00199182 0.0188386 0.0317207 -0.0228781 -0.0387602 -0.00492317 -0.0512771 -0.0247532 0.0183502 -0.019214 -0.0154232 0.0428276
internal_weight=4.14207 2.84658 2.02201 1.01236 0.824568 1.00965 0.535751 0.473899 1.29549 0.290077 0.563584 0.39144 0.356686 0.62092
internal_count=175 88 77 27 11 50 35 15 87 15 9 19 16 8
is_linear=0
shrinkage=0.05


Tree=18
num_leaves=15
num_cat=0
split_feature=2 2 2 0 2 0 4 15 18 15 2 2 2 3
split_gain=3.16907 0.438026 0.396856 0.151326 0.0540218 0.0365383 0.00487514 0.0111096 0.000985729 0.000936624 0.000485391 0.000344277 0.000171362 0.000161785
threshold=10.500000000000002 20.500000000000004 3.5000000000000004 2.5000000000000004 5.5000000000000009 2.5000000000000004 1.0000000180025095e-35 3.5000000000000004 86.000000000000014 3.5000000000000004 7.5000000000000009 8.5000000000000018 12.500000000000002 36.500000000000007
decision_type=2 2 2 2 2 2 2 2 2 2 2 2 2 2
left_child=2 3 -1 -2 6 11 7 -4 13 10 -7 -6 -10 -5
right_child=1 -3 4 8 5 9 -8 -9 12 -11 -12 -13 -14 -15
leaf_value=0.060657750976989694 -0.060716683264525506 -0.058027111312941429 0.035397261797806341 -0.0035421453978284633 -0.014997617717519163 0.015934574111797342 0.039178817475579872 0.012342352912098837 0.0010702297974134456 0.018472373645983021 0.012287989319718166 -0.021030370168378939 -0.0014147331386018909 -0.0058312377243887386
leaf_weight=1.3039992172271015 0.13336931262165341 1.3884248547255991 0.18043766915798187 0.16437963396310806 0.051163891330361366 0.19275469332933426 0.19854577630758263 0.073553688824176788 0.091491557657718658 0.19866259023547173 0.17330095544457436 0.043975967913866043 0.28701929003000259 0.1455218642950058
leaf_count=9 8 115 2 4 2 3 2 2 2 3 3 2 7 4
internal_value=0.00236607 -0.0409025 0.0419426 -0.01197 0.0200039 0.010879 0.0333091 0.0287208 -0.00252606 0.0157083 0.0142082 -0.0177861 -0.000814082 -0.00461704
internal_weight=4.6266 2.21021 2.41639 0.821782 1.1124 0.659858 0.452537 0.253991 0.688412 0.564718 0.366056 0.0951399 0.378511 0.309901
internal_count=168 140 28 25 19 13 6 4 17 9 6 4 9 8
is_linear=0
shrinkage=0.05


Tree=19
num_leaves=15
num_cat=0
split_feature=2 2 2 0 5 2 17 2 18 1 2 2 2 2
split_gain=2.8673 0.474688 0.379919 0.137897 0.0553723 0.0254761 0.00506218 0.00115194 0.000953861 0.000750354 0.000506506 0.000276046 0.000143879 0.000121093
threshold=10.500000000000002 20.500000000000004 3.5000000000000004 2.5000000000000004 1.0000000180025095e-35 5.5000000000000009 15.000000000000002 7.5000000000000009 86.000000000000014 2.5000000000000004 7.5000000000000009 18.500000000000004 12.500000000000002 12.500000000000002
decision_type=2 2 2 2 2 2 2 2 2 2 2 2 2 2
left_child=2 3 -1 -2 7 6 -6 -4 13 10 -7 12 -10 -5
right_child=1 -3 4 8 5 9 -8 -9 11 -11 -12 -13 -14 -15
leaf_value=0.06029097317856446 -0.060333612102179114 -0.05755086193049546 -0.0085121551135675481 -0.0032854354038009698 0.026387050798372221 0.016227999621000945 0.038383896029863564 -0.018581410502288266 0.00083259099028049294 0.017875283299403834 0.012090057865808624 -0.0042439140778437251 -0.0015005560497602282 -0.0054308593359647279
leaf_weight=1.2276284359395506 0.1216378174722198 1.3333215955644844 0.05076461285352718 0.084487952291965485 0.15954770892858483 0.13100477308034897 0.19589418917894363 0.06448381207883358 0.090311910957098007 0.19480067864060402 0.16981395334005356 0.074185092002153397 0.24624206498265266 0.29688920080661774
leaf_count=9 8 117 2 2 3 2 2 3 2 3 3 2 6 8
internal_value=0.00117161 -0.0385264 0.0418311 -0.0107665 0.0183792 0.0227837 0.0329989 -0.0141461 -0.00315495 0.0154577 0.0138921 -0.00148304 -0.000874472 -0.00495558
internal_weight=4.44101 2.24708 2.19394 0.913754 0.96631 0.851061 0.355442 0.115248 0.792116 0.495619 0.300819 0.410739 0.336554 0.381377
internal_count=172 145 27 28 18 13 5 5 20 8 5 10 8 10
is_linear=0
shrinkage=0.05


Tree=20
num_leaves=15
num_cat=0
split_feature=2 2 2 0 5 2 4 21 17 2 18 2 2 17
split_gain=2.15536 0.452283 0.284534 0.107069 0.0511107 0.025286 0.00465845 0.00979038 0.00183538 0.000937097 0.000764588 0.000253222 0.000132575 0.000107931
threshold=10.500000000000002 20.500000000000004 3.5000000000000004 2.5000000000000004 1.0000000180025095e-35 5.5000000000000009 1.0000000180025095e-35 7.0000000000000009 49.000000000000007 7.5000000000000009 86.000000000000014 18.500000000000004 12.500000000000002 4.0000000000000009
decision_type=2 2 2 2 2 2 2 2 2 2 2 2 2 2
left_child=2 3 -1 -2 9 6 7 -6 -7 -4 12 -12 -5 -14
right_child=1 -3 4 10 5 8 -8 -9 -10 -11 11 -13 13 -15
leaf_value=0.059690161715414469 -0.05984049187087203 -0.057135642954274028 -0.0083179412484558051 -0.0032473328262577136 0.03350815574287442 0.012483285270412876 0.037722874319082687 0.010724469072253291 0.018716797770257015 -0.017696140776860596 -0.0011203177173632064 -0.0044121339087868812 -0.0042836255337695642 -0.0062654433862816012
leaf_weight=0.74244374223053489 0.094967582263052797 1.2957185939885674 0.047694319859146961 0.082906577736139297 0.16815995424985886 0.28456641361117363 0.18607244640588749 0.065523512661457062 0.20184780657291412 0.060332313179969788 0.28804482892155647 0.07328483834862709 0.11073563992977142 0.18098010122776031
leaf_count=7 7 120 2 2 2 5 2 2 3 3 7 2 3 5
internal_value=-0.00481527 -0.0386705 0.0361708 -0.00987634 0.0189534 0.0228289 0.03182 0.0271197 0.01507 -0.0135556 -0.00342895 -0.00178796 -0.0050117 -0.00551314
internal_weight=3.88328 2.12664 1.75664 0.83092 1.0142 0.90617 0.419756 0.233683 0.486414 0.108027 0.735952 0.36133 0.374622 0.291716
internal_count=172 146 26 26 19 14 6 4 8 5 19 9 10 8
is_linear=0
shrinkage=0.05


Tree=21
num_leaves=15
num_cat=0
split_feature=2 2 2 0 2 0 2 4 15 2 2 18 2 15
split_gain=2.52045 0.409238 0.395568 0.0975392 0.0475871 0.0251678 0.00437205 0.00400169 0.00866147 0.0028008 0.000776019 0.000649592 0.000630975 0.000430698
threshold=11.500000000000002 20.500000000000004 3.5000000000000004 2.5000000000000004 5.5000000000000009 2.5000000000000004 9.5000000000000018 1.0000000180025095e-35 3.5000000000000004 10.500000000000002 7.5000000000000009 86.000000000000014 6.5000000000000009 3.5000000000000004
decision_type=2 2 2 2 2 2 2 2 2 2 2 2 2 2
left_child=2 3 -1 -2 7 10 12 8 -4 -8 -6 -5 -7 -14
right_child=1 -3 4 11 5 6 9 -9 -10 -11 -12 -13 13 -15
leaf_value=0.059678213825520014 -0.059629570176612849 -0.056754852907241762 0.032841802194916926 -0.0055941364000493205 -0.0083455311209097976 0.019224685655501148 0.012637872810375123 0.036786335952782558 0.010876386271742066 0.0005548925081275115 -0.01714383840157006 -0.0025045096211261325 0.013447594839325755 0.017287406445934277
leaf_weight=1.0877131298184397 0.089040167629719114 1.2475153445266185 0.16243965178728104 0.32660941034555435 0.044926172122359276 0.13401561975479126 0.10968266427516937 0.17962707579135873 0.062013521790504456 0.085224278271198273 0.05668153427541256 0.35508010536432266 0.17030293121933937 0.12785492837429047
leaf_count=9 7 122 2 9 2 2 2 2 2 2 3 9 3 2
internal_value=0.0013837 -0.0390579 0.038142 -0.0104133 0.0174623 0.00983085 0.0135713 0.0312243 0.026773 0.00735451 -0.0132536 -0.0039848 0.016375 0.0150942
internal_weight=4.23873 2.01825 2.22048 0.77073 1.13277 0.728688 0.62708 0.40408 0.224453 0.194907 0.101608 0.68169 0.432173 0.298158
internal_count=178 147 31 25 22 16 11 6 4 4 5 18 7 5
is_linear=0
shrinkage=0.05


Tree=22
num_leaves=15
num_cat=0
split_feature=2 2 2 0 0 2 2 21 18 2 2 15 2 2
split_gain=2.33053 0.391197 0.349749 0.100351 0.0196046 0.0140795 0.00658169 0.000921528 0.000648438 0.000362784 0.000300137 0.000290859 0.000135585 0.00012813
threshold=10.500000000000002 20.500000000000004 3.5000000000000004 2.5000000000000004 2.5000000000000004 5.5000000000000009 5.5000000000000009 5.5000000000000009 86.000000000000014 6.5000000000000009 14.500000000000002 4.5000000000000009 12.500000000000002 18.500000000000004
decision_type=2 2 2 2 2 2 2 2 2 2 2 2 2 2
left_child=2 3 -1 -2 6 -6 -4 -7 12 -9 -10 -8 -5 -12
right_child=1 -3 4 8 5 7 11 9 10 -11 13 -13 -14 -15
leaf_value=0.05941136218621576 -0.059317512063491923 -0.056410572101205231 0.011144150078574713 -0.0034118213064557451 0.032258892088780126 0.011994815744574712 -0.0079895331898724269 0.018684884890778488 0.00039578937529823857 0.015413175708814415 -0.0022641809805528305 -0.014045376141049101 -0.0057509451041900788 -0.0048319516751126525
leaf_weight=1.0234425384551289 0.092608887702226528 1.1879917024634776 0.058792827650904544 0.079506915062665939 0.15694870054721832 0.15709617361426353 0.040872562676668167 0.13059090077877045 0.085991229861974716 0.24127397313714027 0.15320098400115967 0.038508845493197441 0.28055192157626152 0.071142919361591339
leaf_count=9 8 123 2 2 2 3 2 2 2 4 4 2 8 2
internal_value=-0.000355883 -0.0384675 0.0398901 -0.0105303 0.0156464 0.0191078 -0.00153594 0.0152057 -0.00379076 0.0165621 -0.00211578 -0.0109273 -0.00523443 -0.00307846
internal_weight=3.79852 1.95099 1.84753 0.763003 0.824084 0.68591 0.138174 0.528961 0.670394 0.371865 0.310335 0.0793814 0.360059 0.224344
internal_count=175 149 26 26 17 11 6 9 18 6 8 4 10 6
is_linear=0
shrinkage=0.05


Tree=23
num_leaves=15
num_cat=0
split_feature=2 2 2 0 5 2 1 21 17 2 18 2 2 3
split_gain=2.1192 0.374891 0.325648 0.0912687 0.0374359 0.0221849 0.00313961 0.00676662 0.00103321 0.000675967 0.000643393 0.000380253 0.000240678 0.00014044
threshold=10.500000000000002 20.500000000000004 3.5000000000000004 2.5000000000000004 1.0000000180025095e-35 5.5000000000000009 2.5000000000000004 7.0000000000000009 49.000000000000007 7.5000000000000009 86.000000000000014 7.5000000000000009 12.500000000000002 36.500000000000007
decision_type=2 2 2 2 2 2 2 2 2 2 2 2 2 2
left_child=2 3 -1 -2 9 6 7 -6 11 -4 13 -7 -12 -5
right_child=1 -3 4 10 5 8 -8 -9 -10 -11 12 -13 -14 -15
leaf_value=0.059223183828739048 -0.058984388018281424 -0.056109805507731404 -0.007855123151441509 -0.0043607562951804004 0.03171263163548925 0.014274219394529223 0.035439388192305958 0.011333819930549129 0.017308763099607768 -0.016573366593444338 9.6306729390797024e-05 0.010853817102023348 -0.0030266306251445023 -0.0063615255866409639
leaf_weight=0.93734016083180927 0.084534087218344101 1.0726229767315087 0.039882751181721687 0.18667400628328323 0.15160546451807022 0.17155352234840393 0.16764935106039047 0.055699124932289124 0.18798669055104256 0.050241968594491482 0.084340512752532959 0.1543780229985714 0.22977695614099503 0.1654359232634306
leaf_count=8 8 117 2 5 2 3 2 2 3 3 2 3 6 5
internal_value=0.00144405 -0.0371423 0.0381587 -0.0100431 0.0179906 0.0211039 0.0303517 0.0262372 0.0143568 -0.0127153 -0.00383321 0.0126541 -0.00218812 -0.0053008
internal_weight=3.73972 1.82338 1.91634 0.750761 0.978997 0.888872 0.374954 0.207305 0.513918 0.0901247 0.666227 0.325932 0.314117 0.35211
internal_count=171 143 28 26 20 15 6 4 9 5 18 6 8 10
is_linear=0
shrinkage=0.05


Tree=24
num_leaves=15
num_cat=0
split_feature=2 2 2 0 2 0 2 2 15 2 2 18 2 2
split_gain=1.96106 0.377172 0.315631 0.0837476 0.0218466 0.0164906 0.00165589 0.000975007 0.000691698 0.000545612 0.00052563 0.000421268 0.000152648 0.000150147
threshold=10.500000000000002 20.500000000000004 3.5000000000000004 2.5000000000000004 5.5000000000000009 2.5000000000000004 4.5000000000000009 6.5000000000000009 3.5000000000000004 7.5000000000000009 11.500000000000002 86.000000000000014 7.5000000000000009 18.500000000000004
decision_type=2 2 2 2 2 2 2 2 2 2 2 2 2 2
left_child=2 3 -1 -2 6 9 -4 -7 12 -6 -5 -12 -9 -13
right_child=1 -3 4 10 5 7 -8 8 -10 -11 11 13 -14 -15
leaf_value=0.058937005710482264 -0.05870014459490306 -0.055805614322644741 0.030829045023475238 -1.0525333199977328e-07 -0.0078914220696199282 0.017934705212297258 0.0226077106157851 0.012185811423725003 0.015156566549024454 -0.01681089532678014 -0.0057908840522465296 -0.0026019171017640781 0.0094716581613250098 -0.0052228854419802831
leaf_weight=0.90510922577232145 0.077340499497949966 1.0259157982654867 0.18315338715910912 0.079856723546981812 0.037547234445810318 0.12378450483083725 0.092018917202949524 0.1075764112174511 0.1735239066183567 0.031553852371871471 0.26900240033864975 0.26783549040555954 0.099921077489852905 0.06864788755774498
leaf_count=9 8 119 3 2 2 2 2 2 3 2 8 7 2 2
internal_value=0.000831801 -0.0360086 0.0383949 -0.00937886 0.0164972 0.0109437 0.0280798 0.0140794 0.012827 -0.0119643 -0.00381298 -0.00431585 0.0108788 -0.00313664
internal_weight=3.54279 1.7886 1.75419 0.762683 0.849079 0.573907 0.275172 0.504806 0.381021 0.0691011 0.685343 0.605486 0.207497 0.336483
internal_count=173 146 27 27 18 13 5 9 7 4 19 17 4 9
is_linear=0
shrinkage=0.05


Tree=25
num_leaves=15
num_cat=0
split_feature=2 2 2 0 2 0 1 2 2 17 18 17 2 2
split_gain=1.91488 0.329016 0.288194 0.0736503 0.0307184 0.0129367 0.0028313 0.000973829 0.000599577 0.000367826 0.000221202 0.000218029 0.00013852 0.000117075
threshold=10.500000000000002 20.500000000000004 3.5000000000000004 2.5000000000000004 5.5000000000000009 2.5000000000000004 2.5000000000000004 6.5000000000000009 4.5000000000000009 49.000000000000007 86.000000000000014 9.0000000000000018 17.500000000000004 12.500000000000002
decision_type=2 2 2 2 2 2 2 2 2 2 2 2 2 2
left_child=2 3 -1 -2 6 11 8 -7 -4 -9 13 -6 -12 -5
right_child=1 -3 4 10 5 7 -8 9 -10 -11 12 -13 -14 -15
leaf_value=0.058702884164687233 -0.058427122974198435 -0.055551952984308754 0.028187779631204526 -0.0036088786270155639 -0.0073162745341026313 0.017412625680237243 0.034650728950688027 0.0111628058689508 0.022572662378448349 0.014630240102155689 -0.0026165253724940961 -0.013071710584233343 -0.0049012056151321523 -0.0058944874565767559
leaf_weight=0.8503231303766372 0.070540251210331695 0.98693394288420677 0.10265469923615456 0.073843907564878464 0.033931313082575798 0.12031363695859909 0.15685657411813736 0.25115941092371941 0.088549330830574036 0.109972033649683 0.1890929751098156 0.031948480755090714 0.10220217704772949 0.23221499472856522
leaf_count=9 8 121 2 2 2 2 2 5 2 2 5 2 3 7
internal_value=0.00132542 -0.0372114 0.0378561 -0.01011 0.0180584 0.0106731 0.0296718 0.0135167 0.0255873 0.0122187 -0.00440436 -0.0101074 -0.00341812 -0.00534303
internal_weight=3.40054 1.65483 1.74571 0.667894 0.895385 0.547325 0.348061 0.481445 0.191204 0.361131 0.597354 0.0658798 0.291295 0.306059
internal_count=174 146 28 25 19 13 6 9 4 7 17 4 8 9
is_linear=0
shrinkage=0.05


Tree=26
num_leaves=15
num_cat=0
split_feature=2 2 2 0 2 0 17 2 2 17 18 2 16 2
split_gain=1.69002 0.304369 0.283906 0.0581189 0.0313188 0.0159805 0.00285458 0.000887236 0.000481445 0.000318323 0.000298119 0.000123971 0.000127791 5.16519e-05
threshold=10.500000000000002 20.500000000000004 3.5000000000000004 2.5000000000000004 5.5000000000000009 2.5000000000000004 15.000000000000002 6.5000000000000009 8.5000000000000018 49.000000000000007 86.000000000000014 17.500000000000004 2.5000000000000004 7.5000000000000009
decision_type=2 2 2 2 2 2 2 2 2 2 2 2 2 2
left_child=2 3 -1 -2 6 8 -4 -7 -6 13 11 12 -5 -9
right_child=1 -3 4 10 5 7 -8 9 -10 -11 -12 -13 -14 -15
leaf_value=0.058542138304305526 -0.058085377069926336 -0.055286797726526331 0.022951016303587316 -0.0035853197473316467 -0.0087418300170789102 0.016975817186813617 0.032617190788867274 0.011808500028973698 -0.017137948993746259 0.014219917142896202 -0.0031475703969530951 -0.0070040286470945557 -0.006080320891991114 0.0103340669549779
leaf_weight=0.78810865432024024 0.055483892094343679 0.88239502208307385 0.11779140867292881 0.10584217682480812 0.048067089170217514 0.11682417616248131 0.21724774688482285 0.10195948928594589 0.026479513384401798 0.10700220614671707 0.2548212818801403 0.091940386220812798 0.099630784243345261 0.14229628816246986
leaf_count=8 7 115 3 3 3 2 3 2 2 2 7 3 3 3
internal_value=0.0021526 -0.0365334 0.036759 -0.0093038 0.0171986 0.00977692 0.0292188 0.0132012 -0.0117242 0.0119458 -0.00440263 -0.00547796 -0.00479511 0.0109495
internal_weight=3.15589 1.49011 1.66578 0.607719 0.877668 0.542629 0.335039 0.468082 0.0745466 0.351258 0.552235 0.297413 0.205473 0.244256
internal_count=166 138 28 23 20 14 6 9 5 7 16 9 6 5
is_linear=0
shrinkage=0.05


Tree=27
num_leaves=15
num_cat=0
split_feature=2 2 2 0 2 0 1 18 20 2 2 2 1 2
split_gain=1.4127 0.459427 0.0703036 0.0538752 0.02594 0.0147925 0.00255658 0.000790162 0.000760172 0.000643364 0.000532547 0.000416591 0.000340095 0.000302226
threshold=20.500000000000004 5.5000000000000009 3.5000000000000004 1.5000000000000002 10.500000000000002 2.5000000000000004 2.5000000000000004 86.000000000000014 8.5000000000000018 6.5000000000000009 4.5000000000000009 7.5000000000000009 2.5000000000000004 12.500000000000002
decision_type=2 2 2 2 2 2 2 2 2 2 2 2 2 2
left_child=1 2 -1 -3 5 11 10 8 -6 -7 -4 -5 -11 -9
right_child=-2 3 6 4 7 9 -8 13 -10 12 -12 -13 -14 -15
leaf_value=0.058106184015371945 -0.055066176405182771 -0.058039005213247556 0.027283380948082581 -0.0070379632126828205 -0.011365005298113616 0.01658438151096963 0.033672318957935418 -0.00044362743886307656 -0.0053366346043114358 0.010815899632083995 0.0217721625544741 -0.014804376801859788 0.013946474425741207 -0.003987639328165064
leaf_weight=0.558355185203255 0.89822300802916277 0.038723968435078526 0.094597756862640381 0.031040898524224758 0.067855623085051775 0.11334946379065514 0.14621340483427048 0.076858855783939362 0.22802520170807838 0.18945808708667755 0.081681232899427414 0.038911384530365467 0.16003633663058281 0.27681593596935272
leaf_count=8 124 5 2 2 3 2 2 2 7 4 2 3 3 8
internal_value=-0.00258062 0.0198482 0.0473709 -5.81171e-06 0.00189487 0.0100722 0.0287841 -0.00481253 -0.00671915 0.013311 0.0247297 -0.0113581 0.0122494 -0.00321747
internal_weight=3.00015 2.10192 0.880848 1.22108 1.18235 0.532796 0.322492 0.649556 0.295881 0.462844 0.176279 0.0699523 0.349494 0.353675
internal_count=177 53 14 39 34 14 6 20 10 9 4 5 7 10
is_linear=0
shrinkage=0.05


Tree=28
num_leaves=15
num_cat=0
split_feature=2 2 2 0 2 0 17 2 18 2 2 3 21 21
split_gain=1.49226 0.323489 0.249737 0.0493439 0.0270865 0.0121446 0.00264673 0.00078696 0.000550685 0.000368873 0.000203063 0.000195764 0.000116812 0.000106703
threshold=10.500000000000002 20.500000000000004 3.5000000000000004 2.5000000000000004 5.5000000000000009 2.5000000000000004 15.000000000000002 6.5000000000000009 86.000000000000014 8.5000000000000018 12.500000000000002 36.500000000000007 5.5000000000000009 8.5000000000000018
decision_type=2 2 2 2 2 2 2 2 2 2 2 2 2 2
left_child=2 3 -1 -2 6 9 -4 -7 11 -6 -10 -5 -9 -13
right_child=1 -3 4 8 5 7 -8 12 10 -11 -12 13 -14 -15
leaf_value=0.058129136705582389 -0.057681368926733305 -0.054830589034675893 0.022087582513877747 -0.0047785401527984548 -0.007812799429669252 0.01620031507427051 0.031773600340103354 0.010139945408928812 -0.00072113954355292737 -0.01563612052289506 -0.0037061453205897918 -0.0062342006254878781 0.012169959943717919 -0.009015420683568004
leaf_weight=0.70704996678978227 0.04684301186352946 0.83492664527148008 0.1082889549434185 0.16357648745179176 0.042591966688632965 0.10989735275506973 0.20225236937403679 0.13334012031555176 0.074820339679718018 0.023315207101404667 0.2388729527592659 0.090246077626943588 0.15124352648854256 0.055815033614635468
leaf_count=9 7 123 3 5 3 2 3 3 2 2 7 3 3 2
internal_value=0.000980819 -0.034063 0.0366677 -0.00818995 0.0169845 0.00928725 0.028396 0.0126066 -0.00447069 -0.0105804 -0.00299418 -0.00596654 0.0112188 -0.007297
internal_weight=2.98308 1.5051 1.47798 0.670174 0.770929 0.460388 0.310541 0.394481 0.623331 0.0659072 0.313693 0.309638 0.284584 0.146061
internal_count=177 149 28 26 19 13 6 8 19 5 9 10 6 5
is_linear=0
shrinkage=0.05


Tree=29
num_leaves=15
num_cat=0
split_feature=2 2 2 0 2 0 17 2 2 2 1 18 2 3
split_gain=1.22146 0.287061 0.225862 0.0459696 0.0244008 0.0116238 0.0022843 0.000524891 0.000472565 0.000321519 0.000296737 0.000260132 0.000158553 0.000122374
threshold=10.500000000000002 20.500000000000004 3.5000000000000004 2.5000000000000004 5.5000000000000009 2.5000000000000004 15.000000000000002 6.5000000000000009 11.500000000000002 7.5000000000000009 2.5000000000000004 86.000000000000014 17.500000000000004 36.500000000000007
decision_type=2 2 2 2 2 2 2 2 2 2 2 2 2 2
left_child=2 3 -1 -2 6 9 -4 -7 -5 -6 -9 13 -13 -10
right_child=1 -3 4 8 5 7 -8 10 11 -11 -12 12 -14 -15
leaf_value=0.058152064057913233 -0.057511718964806162 -0.054632225482226071 0.022032492833522446 -0.00078348558112112908 -0.0063106623565222985 0.015871778300110283 0.031208618086652536 0.010450629943074094 -0.0052074386681180964 -0.013562592993662274 0.01346354603436932 -0.003453310393524148 -0.005938748477030794 -0.0076328488786720008
leaf_weight=0.56055791024118684 0.044262293260544316 0.72836924064904451 0.10403191298246384 0.069732096046209335 0.02753050159662962 0.10647957026958466 0.19485864788293839 0.17810123041272163 0.095834601670503616 0.034359256736934185 0.1510152705013752 0.20620454475283623 0.093154018744826317 0.11371868848800659
leaf_count=6 7 114 3 2 2 2 3 4 3 3 3 6 3 4
internal_value=0.000328882 -0.0333204 0.0338378 -0.00840029 0.0167234 0.00993949 0.0280148 0.0128203 -0.0046436 -0.0103367 0.0118331 -0.00517252 -0.00422673 -0.00652364
internal_weight=2.70821 1.35128 1.35693 0.622906 0.796376 0.497486 0.298891 0.435596 0.578644 0.0618898 0.329117 0.508912 0.299359 0.209553
internal_count=165 139 26 25 20 14 6 9 18 5 7 16 9 7
is_linear=0
shrinkage=0.05


Tree=30
num_leaves=15
num_cat=0
split_feature=2 2 2 2 20 1 20 1 1 1 17 2 2 15
split_gain=1.29984 0.275042 0.229843 0.0220886 0.00939432 0.0263011 0.00303714 0.00282529 0.00238066 0.000767431 0.000527762 0.000488634 0.000388896 0.000136998
threshold=10.500000000000002 20.500000000000004 3.5000000000000004 5.5000000000000009 8.5000000000000018 2.5000000000000004 8.5000000000000018 2.5000000000000004 2.5000000000000004 2.5000000000000004 9.0000000000000018 4.5000000000000009 11.500000000000002 3.5000000000000004
decision_type=2 2 2 2 2 2 2 2 2 2 2 2 2 2
left_child=2 4 -1 8 5 -2 7 -5 11 10 -8 -4 -6 -14
right_child=1 -3 3 6 12 -7 9 -9 -10 -11 -12 -13 13 -15
leaf_value=0.057785400843289751 -0.057306505516929687 -0.05447191826056829 0.02609506779446551 -0.0095560562565307657 -0.0011193252639223291 -0.0058890385493342023 0.012237593974488606 0.0095498076118223432 0.032623754741201355 0.014022786095814758 0.0069328401267745379 0.02048322000866689 -0.0062468855523974392 -0.0043244562518505768
leaf_weight=0.62489216309040807 0.034464135300367849 0.73571585956960917 0.083712402731180191 0.034750589169561863 0.067613799124956131 0.08935052901506424 0.093332953751087189 0.043659638613462448 0.13171437010169029 0.20040476694703102 0.094217295758426189 0.072282185778021812 0.17729665897786617 0.19416193477809429
leaf_count=9 6 121 2 3 2 3 2 1 2 4 3 2 6 6
internal_value=0.00155448 -0.0343446 0.0353614 0.0167789 -0.00803729 -0.0202012 0.0100575 0.00108229 0.027674 0.0118715 0.00957271 0.0234947 -0.00460716 -0.00524203
internal_weight=2.67757 1.2986 1.37897 0.754074 0.562887 0.123815 0.466365 0.0784102 0.287709 0.387955 0.18755 0.155995 0.439072 0.371459
internal_count=172 144 28 19 23 9 13 4 6 9 5 4 14 12
is_linear=0
shrinkage=0.05


Tree=31
num_leaves=15
num_cat=0
split_feature=2 2 2 2 0 16 1 17 2 2 18 15 2 21
split_gain=1.00928 0.31154 0.0576919 0.0384441 0.0373724 0.00248779 0.00310129 0.00209051 0.000437417 0.000427454 0.000260369 0.00016761 0.000139854 0.00013616
threshold=20.500000000000004 5.5000000000000009 3.5000000000000004 10.500000000000002 2.5000000000000004 2.5000000000000004 1.5000000000000002 15.000000000000002 6.5000000000000009 11.500000000000002 86.000000000000014 3.5000000000000004 17.500000000000004 8.5000000000000018
decision_type=2 2 2 2 2 2 2 2 2 2 2 2 2 2
left_child=1 2 -1 5 -5 8 -7 -4 -3 -6 13 -10 -12 -11
right_child=-2 3 7 4 9 6 -8 -9 11 10 12 -13 -14 -15
leaf_value=0.057495070248789762 -0.054291980532427377 0.015503224377813788 0.021386960590062894 -0.057048659456151778 -0.0014588137622804915 0.012022627340489804 -0.008349121983192518 0.03052170445248838 0.010339702341476145 -0.0063672796543276502 -0.0038421003301081797 0.012823324463812395 -0.0063174629514971539 -0.0093731626528869537
leaf_weight=0.37263544136658333 0.69113890314474691 0.099853578954935074 0.095693228766322136 0.037344883196055889 0.065500976517796516 0.040849242359399796 0.03442702442407608 0.18128727376461029 0.13032348081469536 0.14319106936454773 0.1613678690046072 0.14189208671450615 0.088275225833058357 0.051125627011060715
leaf_count=6 121 2 3 7 2 1 3 3 3 5 5 3 3 2
internal_value=-0.0035953 0.0177206 0.0446487 0.000124854 -0.00876846 0.0109955 0.00270576 0.0273658 0.0126726 -0.00522939 -0.00578569 0.0116343 -0.0047174 -0.00715814
internal_weight=2.33491 1.64377 0.649616 0.994151 0.546806 0.447345 0.0752763 0.276981 0.372069 0.509461 0.44396 0.272216 0.249643 0.194317
internal_count=169 48 12 36 24 12 4 6 8 17 15 6 8 7
is_linear=0
shrinkage=0.05


Tree=32
num_leaves=15
num_cat=0
split_feature=2 2 2 18 2 16 4 2 2 2 2 17 2 18
split_gain=0.876459 0.314563 0.0682633 0.0384656 0.0138188 0.0026506 0.00157491 0.000427904 0.000411426 0.000298494 0.000297915 0.000226076 0.000121986 0.000151365
threshold=20.500000000000004 3.5000000000000004 10.500000000000002 46.500000000000007 5.5000000000000009 1.5000000000000002 1.0000000180025095e-35 4.5000000000000009 6.5000000000000009 11.500000000000002 9.5000000000000018 49.000000000000007 17.500000000000004 86.000000000000014
decision_type=2 2 2 2 2 2 2 2 2 2 2 2 2 2
left_child=1 -1 4 -4 6 8 7 -3 -6 -5 -7 -10 13 -11
right_child=-2 2 3 9 5 10 -8 -9 11 12 -12 -13 -14 -15
leaf_value=0.057313968497308659 -0.054125893198550594 0.025534608428459789 -0.056752928890330824 -0.0017736292611824354 0.015211340471287558 0.0014972373780696162 0.032403603892381797 0.020070480532213913 0.0092231150580450363 -0.0061529631441678105 0.0070454172929266898 0.012536561492485552 -0.0066740268297476721 -0.0039838135350514564
leaf_weight=0.36050522048026357 0.61473463289439667 0.077303465455770493 0.038497074972838163 0.063380196690559387 0.096555117517709732 0.070571077056229115 0.064477562904357688 0.066783949732780457 0.082304671406745911 0.1398925855755806 0.036818552762269974 0.13745362684130669 0.13865263760089874 0.18918955884873867
leaf_count=7 114 2 8 2 2 4 1 2 2 5 1 3 5 6
internal_value=-0.00354984 0.0163498 0.00406251 -0.00849184 0.0153728 0.0101866 0.0259085 0.023002 0.0124909 -0.00499371 0.00339943 0.0112956 -0.00543005 -0.00490592
internal_weight=2.17712 1.56239 1.20188 0.569612 0.632268 0.423703 0.208565 0.144087 0.316313 0.531115 0.10739 0.219758 0.467735 0.329082
internal_count=164 50 43 26 17 12 5 4 7 18 5 5 16 11
is_linear=0
shrinkage=0.05


Tree=33
num_leaves=15
num_cat=0
split_feature=2 2 2 2 18 0 1 2 2 2 17 18 3 21
split_gain=0.893446 0.290584 0.0475012 0.0318912 0.0304696 0.00926159 0.000826092 0.000455158 0.000293118 0.000257987 0.00021455 0.000194641 0.000166692 9.75375e-05
threshold=20.500000000000004 5.5000000000000009 3.5000000000000004 10.500000000000002 46.500000000000007 2.5000000000000004 2.5000000000000004 6.5000000000000009 8.5000000000000018 9.5000000000000018 15.000000000000002 86.000000000000014 36.500000000000007 8.5000000000000018
decision_type=2 2 2 2 2 2 2 2 2 2 2 2 2 2
left_child=1 2 -1 5 -5 8 -4 -7 -3 10 -9 12 -6 -14
right_child=-2 3 6 4 11 7 -8 9 -10 -11 -12 -13 13 -15
leaf_value=0.057176016475196469 -0.053938134461604004 -0.0083126249771071966 0.025312795727542262 -0.056501376973266473 -0.005266150589055562 0.014953052732859127 0.031161280694616336 0.010269810289494023 -0.016434700650756039 0.0084732332683343965 0.01319224699714204 -0.0045146130684909332 -0.006575209127718769 -0.0097029491830425453
leaf_weight=0.33918255846947454 0.61895373417064536 0.031294910237193108 0.12372847460210323 0.031307452358305454 0.11126704700291157 0.093333277851343155 0.11792444810271263 0.12201957404613495 0.017221017740666866 0.077430121600627899 0.12940879166126251 0.23950852453708649 0.051800679415464401 0.048044167459011078
leaf_count=7 123 3 3 7 4 2 2 3 2 2 3 8 2 2
internal_value=-0.00323337 0.0172326 0.0451069 0.000237157 -0.00880406 0.00949389 0.0281668 0.0118714 -0.0111956 0.0109968 0.011774 -0.00549023 -0.00659707 -0.00808024
internal_weight=2.15242 1.53347 0.580835 0.952636 0.481928 0.470708 0.241653 0.422192 0.0485159 0.328858 0.251428 0.45062 0.211112 0.0998448
internal_count=173 50 12 38 23 15 5 10 5 8 6 16 8 4
is_linear=0
shrinkage=0.05


Tree=34
num_leaves=15
num_cat=0
split_feature=2 2 2 18 2 18 17 2 18 2 2 1 2 17
split_gain=0.877313 0.204784 0.158627 0.0263479 0.0151086 0.00648808 0.00248541 0.000458135 0.000231683 0.000224966 0.000152835 5.57201e-05 5.45425e-05 0.000111907
threshold=10.500000000000002 20.500000000000004 3.5000000000000004 46.500000000000007 5.5000000000000009 46.500000000000007 15.000000000000002 6.5000000000000009 86.000000000000014 7.5000000000000009 18.500000000000004 2.5000000000000004 14.500000000000002 4.0000000000000009
decision_type=2 2 2 2 2 2 2 2 2 2 2 2 2 2
left_child=2 3 -1 -2 6 9 -4 -7 12 -6 -10 -9 -5 -14
right_child=1 -3 4 8 5 7 -8 11 10 -11 -12 -13 13 -15
leaf_value=0.057127277754964789 -0.056233109441361666 -0.053811417286775423 0.020201849077956149 -0.0062499680084406222 -0.0068827644449854898 0.014718853760706222 0.031500948962805024 0.011104533710904335 -0.0043432935348876149 -0.014695943841335452 -0.0073963580398296262 0.0093831178049373892 -0.006532620653015412 -0.0092892739653617894
leaf_weight=0.42187918582931172 0.027870519086718337 0.53655426669865847 0.084357269108295441 0.08078443817794323 0.020211121998727322 0.090175259858369827 0.11503903940320015 0.11653999984264374 0.17764384858310223 0.016930706333369017 0.05328739807009697 0.07879088819026947 0.076090471819043159 0.071326592937111855
leaf_count=8 7 112 3 3 2 2 2 3 6 2 2 2 3 3
internal_value=-0.00044149 -0.0325045 0.0343265 -0.00902967 0.0159006 0.0092137 0.0267207 0.011771 -0.00616431 -0.0104443 -0.00504779 0.0104102 -0.00729418 -0.00786641
internal_weight=1.96748 1.02356 0.943923 0.487003 0.522044 0.322648 0.199396 0.285506 0.459133 0.0371418 0.230931 0.195331 0.228202 0.147417
internal_count=160 136 24 24 16 11 5 7 17 4 8 5 9 6
is_linear=0
shrinkage=0.05


Tree=35
num_leaves=15
num_cat=0
split_feature=2 2 2 0 2 18 1 3 2 15 2 15 3 2
split_gain=0.873645 0.206628 0.186585 0.0285111 0.0191906 0.00759588 0.000755016 0.000421292 0.000386129 0.000287462 0.000215547 0.000165912 9.89347e-05 6.60172e-05
threshold=10.500000000000002 20.500000000000004 3.5000000000000004 2.5000000000000004 5.5000000000000009 46.500000000000007 2.5000000000000004 36.500000000000007 9.5000000000000018 3.5000000000000004 8.5000000000000018 3.5000000000000004 62.500000000000007 17.500000000000004
decision_type=2 2 2 2 2 2 2 2 2 2 2 2 2 2
left_child=2 3 -1 -2 6 10 -4 11 9 -7 -6 -5 -9 -14
right_child=1 -3 4 7 5 8 -8 12 -10 -11 -12 -13 13 -15
leaf_value=0.057006818014253703 -0.056080332700249737 -0.053684185376263398 0.024596208951114328 -0.0052944982838794181 -0.0079306891107274631 0.011114953913827365 0.030403071209405903 -0.0083235615183090954 0.0083090359042654865 0.014156469230217322 -0.015345754541229798 -0.0026158445399459326 -0.0050163118772552969 -0.0074961080979521061
leaf_weight=0.46005715942010306 0.02989518013782777 0.51465283264406025 0.11441378761082888 0.16280556656420231 0.027652011252939701 0.19083169847726822 0.109599519520998 0.11731897108256817 0.072279684245586395 0.13102405890822411 0.015181237366050482 0.089634066447615623 0.055135259404778481 0.052295485511422157
leaf_count=9 8 114 3 6 3 5 2 5 2 3 2 3 2 2
internal_value=0.00207681 -0.031365 0.0325563 -0.0087127 0.0155383 0.00943828 0.0274372 -0.00574519 0.0116115 0.0123531 -0.0105588 -0.00434339 -0.0073197 -0.00622344
internal_weight=2.14278 1.02174 1.12104 0.507085 0.660982 0.436969 0.224013 0.477189 0.394135 0.321856 0.0428332 0.25244 0.22475 0.107431
internal_count=169 140 29 26 20 15 5 18 10 8 5 9 9 4
is_linear=0
shrinkage=0.05


Tree=36
num_leaves=15
num_cat=0
split_feature=2 2 2 2 18 20 1 1 2 2 21 2 15 1
split_gain=0.801995 0.20633 0.177139 0.0179685 0.00687804 0.00296056 0.0163132 0.000632217 0.000391169 0.000298531 0.000199282 0.00018078 0.000147413 8.64903e-05
threshold=10.500000000000002 20.500000000000004 3.5000000000000004 5.5000000000000009 46.500000000000007 8.5000000000000018 2.5000000000000004 2.5000000000000004 6.5000000000000009 12.500000000000002 5.5000000000000009 8.5000000000000018 3.5000000000000004 2.5000000000000004
decision_type=2 2 2 2 2 2 2 2 2 2 2 2 2 2
left_child=2 5 -1 7 11 6 -2 -4 -6 13 -10 -5 -11 -7
right_child=1 -3 3 4 8 9 -8 -9 10 12 -12 -13 -14 -15
leaf_value=0.056863968519587721 -0.055869351794678973 -0.053535517087635015 0.024488832112157275 -0.0077845919502961131 0.014479434164854352 -0.005017190312099378 -0.0065571187792388842 0.029903087749567431 0.0088255948605224701 -0.0077416888963942722 0.011554541692167143 -0.014791432312552184 -0.0054204653370354995 -0.0022031814649775897
leaf_weight=0.43288040254265092 0.020077027846127637 0.48534053307957947 0.11022355686873198 0.02599390409886837 0.084086522459983826 0.0515581164509058 0.10186149924993515 0.10554731264710426 0.10198823362588882 0.1408738661557436 0.19444146752357483 0.014252989087253809 0.13294645398855209 0.058049961924552917
leaf_count=9 6 115 3 3 2 2 4 2 3 6 5 2 5 2
internal_value=0.0021608 -0.0302515 0.0321876 0.0154062 0.00939041 -0.00789013 -0.0146763 0.0271373 0.0114695 -0.00573198 0.0106156 -0.010266 -0.00661468 -0.00352685
internal_weight=2.06012 0.990707 1.06941 0.636534 0.420763 0.505367 0.121939 0.215771 0.380516 0.383428 0.29643 0.0402469 0.27382 0.109608
internal_count=169 140 29 20 15 25 10 5 10 15 8 5 11 4
is_linear=0
shrinkage=0.05


Tree=37
num_leaves=15
num_cat=0
split_feature=2 2 2 0 2 20 1 2 2 3 2 2 15 17
split_gain=0.743863 0.19061 0.171391 0.010421 0.0113699 0.00342903 0.0177899 0.000824129 0.00042923 0.000424855 0.000152201 0.000142451 0.0001206 0.000106094
threshold=10.500000000000002 20.500000000000004 3.5000000000000004 2.5000000000000004 5.5000000000000009 8.5000000000000018 2.5000000000000004 5.5000000000000009 6.5000000000000009 36.500000000000007 8.5000000000000018 9.5000000000000018 3.5000000000000004 15.000000000000002
decision_type=2 2 2 2 2 2 2 2 2 2 2 2 2 2
left_child=2 5 -1 7 -5 6 -2 -4 -6 12 -9 -10 -7 -11
right_child=1 -3 3 4 8 9 -8 10 11 13 -12 -13 -14 -15
leaf_value=0.056723501061911097 -0.055779485709411714 -0.053399167759888934 0.0015377347570472591 0.028136175927118309 0.014289618472972533 -0.0057015668186769682 -0.0067191721058644759 -0.0076540465894479395 0.010832659835296965 -0.010121305722828581 -0.014286228817522388 0.0081364607537375497 -0.0031150673759345704 -0.007266401946963365
leaf_weight=0.40738003002479672 0.022749912459403276 0.46269936603493989 0.026182966306805611 0.14036491885781288 0.081137519329786301 0.09788554348051548 0.098401434719562531 0.024441869929432869 0.17990180850028992 0.041980551555752754 0.013389439322054386 0.067322026938199997 0.083521163091063499 0.1447445023804903
leaf_count=9 7 117 2 3 2 4 4 3 5 2 2 2 3 6
internal_value=0.000762323 -0.0303922 0.03231 0.0136412 0.0162255 -0.00863529 -0.0159318 -0.00528166 0.0111341 -0.00623403 -0.0100013 0.0100985 -0.00451072 -0.00790826
internal_weight=1.8921 0.951982 0.940121 0.532741 0.468726 0.489283 0.121151 0.0640143 0.328361 0.368132 0.0378313 0.247224 0.181407 0.186725
internal_count=171 143 28 19 12 26 11 7 9 15 5 7 7 8
is_linear=0
shrinkage=0.05


Tree=38
num_leaves=15
num_cat=0
split_feature=2 2 2 2 18 20 1 1 21 3 3 2 2 2
split_gain=0.702762 0.180063 0.162455 0.00954524 0.0059353 0.00309852 0.0158963 0.00282076 0.000491302 0.000311 0.000163609 0.000136615 8.72933e-05 7.69241e-05
threshold=10.500000000000002 20.500000000000004 3.5000000000000004 5.5000000000000009 46.500000000000007 8.5000000000000018 2.5000000000000004 2.5000000000000004 5.5000000000000009 36.500000000000007 59.000000000000007 7.5000000000000009 17.500000000000004 7.5000000000000009
decision_type=2 2 2 2 2 2 2 2 2 2 2 2 2 2
left_child=2 5 -1 7 11 6 -2 -4 -6 -7 13 -5 -8 -10
right_child=1 -3 3 4 8 9 12 -9 10 -11 -12 -13 -14 -15
leaf_value=0.056579669817857142 -0.055526527988981125 -0.053267710971847272 0.015703564394834862 -0.0067175144643280204 0.0073134620859994729 -0.0043048923666623422 -0.0054994669337889001 0.029081724906713454 0.012650528371655987 -0.0073612706877326838 0.014111865734890395 -0.012934199934297622 -0.0085437884605107945 0.010539815561953292
leaf_weight=0.3831021236255765 0.020400880835950375 0.44331464427523315 0.065910783596336842 0.015872495248913765 0.062901610508561134 0.15130558982491493 0.051868923008441925 0.097965013235807419 0.072692885994911194 0.18499324657022953 0.080449890345335007 0.019938566721975803 0.043124856427311897 0.10627268627285957
leaf_count=9 7 119 3 2 2 6 2 2 2 8 2 3 2 3
internal_value=0.000786807 -0.0306299 0.031853 0.0137059 0.00913224 -0.00841197 -0.0154816 0.023701 0.0112778 -0.00598616 0.012239 -0.0101788 -0.00688151 0.0113972
internal_weight=1.80011 0.895008 0.905106 0.522004 0.358128 0.451693 0.115395 0.163876 0.322317 0.336299 0.259415 0.0358111 0.0949938 0.178966
internal_count=172 144 28 19 14 25 11 5 9 14 7 5 4 5
is_linear=0
shrinkage=0.05


Tree=39
num_leaves=15
num_cat=0
split_feature=2 2 2 2 18 1 17 17 2 21 2 2 18 17
split_gain=0.644829 0.166279 0.139531 0.0156872 0.00553348 0.00454521 0.0153141 0.00060962 0.000391654 0.000334064 0.000158095 0.000118032 9.71156e-05 7.34038e-05
threshold=10.500000000000002 20.500000000000004 3.5000000000000004 5.5000000000000009 46.500000000000007 2.5000000000000004 15.000000000000002 15.000000000000002 14.500000000000002 5.5000000000000009 6.5000000000000009 8.5000000000000018 86.000000000000014 4.0000000000000009
decision_type=2 2 2 2 2 2 2 2 2 2 2 2 2 2
left_child=2 5 -1 7 11 6 -2 -4 -7 -6 -11 -5 13 -10
right_child=1 -3 3 4 9 8 -8 -9 12 10 -12 -13 -14 -15
leaf_value=0.05646414237985467 -0.055375772963978956 -0.053170186236203898 0.022419151302516802 -0.0079055916254981394 0.0085330352405769781 -0.0039591092321234079 -0.0072798378384863584 0.028566328137073379 -0.0077590229567236742 0.013976091327354851 0.011238258197061006 -0.014084847580186001 -0.0067867925137153687 -0.010508948712933112
leaf_weight=0.31940851593390107 0.022024606354534626 0.42132746381685138 0.057347298599779606 0.021801863331347704 0.091455224901437759 0.10286195203661919 0.066591469570994377 0.13593021407723427 0.063814274966716766 0.075503252446651459 0.17480397969484329 0.011971499770879745 0.14162123575806618 0.03915780782699585
leaf_count=8 8 119 2 3 3 4 3 3 3 2 5 2 6 2
internal_value=0.000161249 -0.0307692 0.0300184 0.0151682 0.00921124 -0.00912567 -0.0192336 0.0267424 -0.00654772 0.0111192 0.0120641 -0.0100959 -0.00763634 -0.00880475
internal_weight=1.74562 0.857399 0.888222 0.568813 0.375536 0.436071 0.0886161 0.193278 0.347455 0.341762 0.250307 0.0337734 0.244593 0.102972
internal_count=173 145 28 20 15 26 11 5 15 10 7 5 11 5
is_linear=0
shrinkage=0.05


Tree=40
num_leaves=15
num_cat=0
split_feature=2 2 2 2 16 20 1 1 3 17 2 17 3 2
split_gain=0.635027 0.136014 0.124297 0.00945603 0.00279739 0.00215132 0.0120676 0.00113665 0.000194321 8.35416e-05 8.22483e-05 9.19875e-05 3.89042e-05 2.47985e-05
threshold=10.500000000000002 20.500000000000004 3.5000000000000004 5.5000000000000009 1.5000000000000002 8.5000000000000018 2.5000000000000004 1.5000000000000002 59.000000000000007 9.0000000000000018 12.500000000000002 49.000000000000007 36.500000000000007 16.500000000000004
decision_type=2 2 2 2 2 2 2 2 2 2 2 2 2 2
left_child=2 5 -1 -4 8 6 -2 -6 -5 -9 -7 12 -12 -13
right_child=1 -3 3 4 7 10 -8 9 -10 -11 11 13 -14 -15
leaf_value=0.056289345446139644 -0.055294741154691289 -0.053042214469798669 0.026945384808072577 0.010651842523906723 0.0061269025140464001 -0.0047961056977322315 -0.0068746487687739418 -0.005655015969109221 0.013840872140906605 -0.011282338629812027 -0.0070105953758706416 -0.0051977468264720684 -0.0089816308809826696 -0.0068246672220114123
leaf_weight=0.33906572917476296 0.015824909321963787 0.37814112310297787 0.1047825189307332 0.13194331899285316 0.027546262368559837 0.047147044911980629 0.068865207955241203 0.013561573810875416 0.074877001345157623 0.012839634902775288 0.043136592954397202 0.048165550455451012 0.059658939018845558 0.045594725757837296
leaf_count=9 6 114 3 4 1 2 3 2 2 2 2 2 3 2
internal_value=0.000897442 -0.0325983 0.0344843 0.0142591 0.0091615 -0.00905729 -0.0159223 -0.000978336 0.0118064 -0.00839174 -0.00667161 -0.00712148 -0.00815452 -0.0059889
internal_weight=1.41115 0.706534 0.704616 0.36555 0.260768 0.328393 0.0846901 0.0539475 0.20682 0.0264012 0.243703 0.196556 0.102796 0.0937603
internal_count=157 134 23 14 11 20 9 5 6 4 11 9 5 4
is_linear=0
shrinkage=0.05


Tree=41
num_leaves=15
num_cat=0
split_feature=2 2 2 2 18 1 20 1 2 2 2 17 2 3
split_gain=0.564998 0.155979 0.142498 0.00800387 0.00471001 0.0023613 0.00218284 0.0125667 0.000299171 0.000281234 0.000157088 0.000166606 0.000106925 0.000104364
threshold=10.500000000000002 20.500000000000004 3.5000000000000004 5.5000000000000009 46.500000000000007 2.5000000000000004 8.5000000000000018 2.5000000000000004 6.5000000000000009 11.500000000000002 9.5000000000000018 15.000000000000002 7.5000000000000009 36.500000000000007
decision_type=2 2 2 2 2 2 2 2 2 2 2 2 2 2
left_child=2 6 -1 5 12 -4 7 -2 -6 -8 11 -10 -5 -11
right_child=1 -3 3 4 8 -7 9 -9 10 13 -12 -13 -14 -15
leaf_value=0.056160560215395297 -0.055002539257521743 -0.052924984482620258 0.01530807753760494 -0.0064396149304968096 0.013836327077747793 0.028289276881447202 -0.0032835868356832637 -0.0075239862241025307 0.0093046179089362017 -0.006294263905603433 0.0078636695350014253 0.012273627587718289 -0.012457752834287326 -0.0082363081565895325
leaf_weight=0.3193776432890445 0.016660969471558928 0.36774135590530932 0.058252050541341305 0.013232439756393433 0.070171430706977844 0.087883118540048599 0.045427087694406509 0.085242340341210365 0.091624224558472633 0.11056217923760414 0.058117527514696121 0.097564226016402245 0.01668956596404314 0.18481948040425777
leaf_count=9 7 118 3 2 2 2 2 4 3 5 2 3 3 9
internal_value=0.00068459 -0.0288576 0.0301375 0.0132973 0.00916755 0.0231147 -0.00886594 -0.0152866 0.0109549 -0.00694613 0.0101373 0.0108357 -0.00979635 -0.0075094
internal_weight=1.62337 0.810453 0.812912 0.493535 0.347399 0.146135 0.442712 0.101903 0.317477 0.340809 0.247306 0.189188 0.029922 0.295382
internal_count=174 145 29 20 15 5 27 11 10 16 8 6 5 14
is_linear=0
shrinkage=0.05


Tree=42
num_leaves=15
num_cat=0
split_feature=2 2 2 2 1 17 16 1 17 2 2 2 2 18
split_gain=0.461199 0.167792 0.0351463 0.0244575 0.00249409 0.0127278 0.00158988 0.00195473 0.00154165 0.00036166 0.000146405 0.000135562 0.00010625 5.08287e-05
threshold=20.500000000000004 5.5000000000000009 3.5000000000000004 10.500000000000002 2.5000000000000004 15.000000000000002 1.5000000000000002 1.5000000000000002 15.000000000000002 14.500000000000002 6.5000000000000009 8.5000000000000018 17.500000000000004 86.000000000000014
decision_type=2 2 2 2 2 2 2 2 2 2 2 2 2 2
left_child=1 2 -1 6 5 -5 10 -8 -4 -6 -3 -9 13 -11
right_child=-2 3 8 4 9 -7 7 11 -10 12 -12 -13 -14 -15
leaf_value=0.055859606763066505 -0.052824157573854003 0.013640272956958802 0.018498247318353062 -0.054877222850816323 -0.0045465492971351268 -0.0078390258751286392 0.0084914635721465501 -0.0056352540232748561 0.028260221426535406 -0.0086935079937804621 0.010855902808953436 -0.013504724515897107 -0.0095436085378642916 -0.0063871256233240473
leaf_weight=0.18716129846870877 0.34886289958376449 0.067639283835887909 0.060434893704950809 0.017591500305570662 0.091833081096410751 0.07880256325006485 0.05309881828725338 0.01203848235309124 0.12226303666830063 0.037605656310915947 0.15631631202995777 0.010033737402409315 0.095424970611929893 0.065489253029227257
leaf_count=7 119 2 3 8 4 4 2 2 3 2 5 2 5 3
internal_value=-0.00298302 0.0134868 0.0406313 -0.00115098 -0.00945461 -0.0164233 0.00958496 0.00329308 0.025031 -0.00714109 0.0116968 -0.00921261 -0.00834129 -0.00722842
internal_weight=1.4046 1.05573 0.369859 0.685874 0.386747 0.0963941 0.299127 0.075171 0.182698 0.290353 0.223956 0.0220722 0.19852 0.103095
internal_count=171 52 13 39 26 12 13 6 6 14 7 4 10 5
is_linear=0
shrinkage=0.05


Tree=43
num_leaves=15
num_cat=0
split_feature=2 2 2 0 2 20 20 2 2 2 15 2 2 2
split_gain=0.506332 0.138634 0.121476 0.0049156 0.00518973 0.001449 0.00923763 0.000530988 0.000368942 0.000198332 0.000128733 0.000128002 9.94377e-05 8.28741e-05
threshold=10.500000000000002 20.500000000000004 3.5000000000000004 2.5000000000000004 5.5000000000000009 8.5000000000000018 3.5000000000000004 5.5000000000000009 6.5000000000000009 18.500000000000004 3.5000000000000004 11.500000000000002 7.5000000000000009 17.500000000000004
decision_type=2 2 2 2 2 2 2 2 2 2 2 2 2 2
left_child=2 5 -1 7 -5 6 13 -4 -6 11 -10 -7 -9 -2
right_child=1 -3 3 4 8 9 -8 12 10 -11 -12 -13 -14 -15
leaf_value=0.055882846487360055 -0.0064618080398534923 -0.052720031914099422 0.0015570093861085629 0.025577092638272514 0.01351073604693661 -0.0037760471724041216 -0.054682161118552799 -0.0067056424004398292 0.0080256376865236144 -0.0095925542681397115 0.01088894829333324 -0.006838652028501562 -0.013492730836664177 -0.0097117471563066687
leaf_weight=0.28296564379706979 0.043210539966821671 0.34452962130308151 0.019444048404693604 0.073118388652801514 0.065156208351254463 0.041936323046684265 0.012198027456179261 0.011777369771152735 0.10651965998113155 0.056021908298134804 0.062163656577467918 0.18298566527664661 0.0099609815515577793 0.035923980176448822
leaf_count=9 2 125 2 2 2 2 6 2 4 3 2 9 2 2
internal_value=-0.00110822 -0.0298628 0.0315511 0.0117744 0.0139506 -0.00870923 -0.0141802 -0.0044461 0.0103152 -0.00693064 0.00908083 -0.00626763 -0.00981563 -0.00793715
internal_weight=1.34791 0.716806 0.631106 0.34814 0.306958 0.372276 0.0913325 0.0411824 0.23384 0.280944 0.168683 0.224922 0.0217384 0.0791345
internal_count=174 149 25 16 10 24 10 6 8 14 6 11 4 4
is_linear=0
shrinkage=0.05


Tree=44
num_leaves=15
num_cat=0
split_feature=2 2 2 2 16 1 20 1 17 2 2 17 2 17
split_gain=0.422864 0.175253 0.0348877 0.0224216 0.00180838 0.00228632 0.00152472 0.00958223 0.00112956 0.000209515 0.000175851 7.52229e-05 7.52172e-05 7.02555e-05
threshold=20.500000000000004 5.5000000000000009 3.5000000000000004 10.500000000000002 1.5000000000000002 1.5000000000000002 8.5000000000000018 2.5000000000000004 15.000000000000002 12.500000000000002 6.5000000000000009 49.000000000000007 17.500000000000004 15.000000000000002
decision_type=2 2 2 2 2 2 2 2 2 2 2 2 2 2
left_child=1 2 -1 4 10 -6 7 -5 -4 -8 -3 -12 -9 -11
right_child=-2 3 8 6 5 -7 9 12 -10 13 11 -13 -14 -15
leaf_value=0.055660570067770324 -0.052612222381626696 0.013401888261827491 0.019093704372184661 -0.054538398165926094 0.0084809017356975401 -0.010012800922367355 -0.0052508171545794314 -0.0066927187654700383 0.027774422378191378 -0.0098701650731889794 0.0092143715840066111 0.011307742266815113 -0.0098480745159836638 -0.0077304998273793162
leaf_weight=0.20232729194685795 0.30749591044150304 0.06276993453502655 0.055912264622747898 0.013020653976127505 0.049169840291142464 0.025316825602203608 0.080482618883252144 0.041610231623053551 0.11364205554127693 0.050928995013237 0.081987764686346054 0.090045107528567314 0.034585075452923775 0.15550580434501171
leaf_count=8 119 2 3 7 2 5 4 2 3 3 3 3 2 8
internal_value=-0.00100431 0.0140048 0.0416411 -0.000989465 0.00898324 0.00219519 -0.00918988 -0.0148988 0.0249119 -0.00741473 0.0111366 0.0103101 -0.00812494 -0.00825837
internal_weight=1.3648 1.0573 0.371882 0.685423 0.309289 0.0744867 0.376133 0.089216 0.169554 0.286917 0.234803 0.172033 0.0761953 0.206435
internal_count=174 55 14 41 15 7 26 11 6 15 8 6 4 11
is_linear=0
shrinkage=0.05


Tree=45
num_leaves=15
num_cat=0
split_feature=2 2 2 2 20 1 16 1 17 3 2 17 15 2
split_gain=0.420731 0.11563 0.102731 0.00885831 0.00197968 0.00991062 0.0016641 0.00214996 0.000238056 0.000236526 0.000166321 9.62949e-05 9.21335e-05 6.89937e-05
threshold=10.500000000000002 20.500000000000004 3.5000000000000004 5.5000000000000009 8.5000000000000018 2.5000000000000004 1.5000000000000002 1.5000000000000002 15.000000000000002 36.500000000000007 6.5000000000000009 15.000000000000002 3.5000000000000004 7.5000000000000009
decision_type=2 2 2 2 2 2 2 2 2 2 2 2 2 2
left_child=2 4 -1 8 5 -2 10 -8 -4 12 -5 -11 -6 -9
right_child=1 -3 3 6 9 -7 7 13 -10 11 -12 -13 -14 -15
leaf_value=0.055664287121403679 -0.054412219712141864 -0.052533592042369764 0.022491013505385692 0.013301801602225743 -0.0074949839638671469 -0.0078203738210498048 0.0084698055913722259 -0.0068995438789851904 0.027137937569932349 -0.011654706916874697 0.010237982753484698 -0.0085147490029577732 -0.0048574336812951743 -0.012309918145824307
leaf_weight=0.22259826702065766 0.014266136335209012 0.2899897521128878 0.045704943127930164 0.060454422608017921 0.071645502001047134 0.057080879807472229 0.047292511910200119 0.010529409628361464 0.069423630833625793 0.031411639414727688 0.1657212171703577 0.10965602844953537 0.061557523906230927 0.013380266726016998
leaf_count=8 8 118 2 2 4 3 2 2 2 2 6 6 3 3
internal_value=-0.000492548 -0.0292517 0.0282894 0.0135173 -0.00971717 -0.0171366 0.00895831 0.00229207 0.0252932 -0.00778713 0.0110569 -0.00921393 -0.00627608 -0.00992728
internal_weight=1.27071 0.635607 0.635105 0.412506 0.345618 0.071347 0.297378 0.0712022 0.115129 0.274271 0.226176 0.141068 0.133203 0.0239097
internal_count=171 144 27 19 26 11 15 7 4 15 8 8 7 5
is_linear=0
shrinkage=0.05


Tree=46
num_leaves=15
num_cat=0
split_feature=2 2 2 2 16 1 20 1 17 2 2 15 2 2
split_gain=0.362199 0.159299 0.0273003 0.0218721 0.00152905 0.00200725 0.00120649 0.00821581 0.00119629 0.000210149 0.000156723 7.20923e-05 6.88897e-05 5.93685e-05
threshold=20.500000000000004 5.5000000000000009 3.5000000000000004 10.500000000000002 1.5000000000000002 1.5000000000000002 8.5000000000000018 2.5000000000000004 15.000000000000002 12.500000000000002 6.5000000000000009 3.5000000000000004 17.500000000000004 7.5000000000000009
decision_type=2 2 2 2 2 2 2 2 2 2 2 2 2 2
left_child=1 2 -1 4 10 -6 7 -5 -4 -8 -3 -11 -9 -7
right_child=-2 3 8 6 5 13 9 12 -10 11 -12 -13 -14 -15
leaf_value=0.055682947084249972 -0.052454633091132866 0.013215060746494542 0.019257671455341421 -0.054262077978254046 0.0084554056097772574 -0.0068942363473744276 -0.0056976435007993955 -0.0070881878400840944 0.029141286294576296 -0.0097930008099538952 0.010184293462766945 -0.0079242466824344677 -0.010226399678127784 -0.012061632523640148
leaf_weight=0.17213594634085894 0.277340681059286 0.058213395997881889 0.051787125878036022 0.011398452101275325 0.045483747497200966 0.0099284541793167591 0.074174107983708382 0.038544461131095886 0.074889395385980606 0.097012529149651527 0.15959627367556095 0.11027118936181068 0.032010896131396294 0.012628454249352217
leaf_count=6 119 2 3 7 2 2 4 2 2 6 6 6 2 3
internal_value=-0.0021953 0.0125071 0.0427181 -0.00139707 0.00895043 0.0024076 -0.00953615 -0.0148751 0.0251007 -0.00798158 0.0109943 -0.00879886 -0.00851199 -0.0097872
internal_weight=1.22542 0.948074 0.298812 0.649262 0.28585 0.0680407 0.363412 0.0819538 0.126677 0.281458 0.21781 0.207284 0.0705554 0.0225569
internal_count=172 53 11 42 15 7 27 11 5 16 8 12 4 5
is_linear=0
shrinkage=0.05


Tree=47
num_leaves=15
num_cat=0
split_feature=2 2 2 2 1 17 16 2 2 15 18 15 2 3
split_gain=0.408047 0.106295 0.0934788 0.00698697 0.0014612 0.00860976 0.00037726 0.000253705 0.000148383 0.000119321 6.18196e-05 5.70524e-05 5.10733e-05 5.0718e-05
threshold=10.500000000000002 20.500000000000004 3.5000000000000004 5.5000000000000009 2.5000000000000004 15.000000000000002 1.5000000000000002 14.500000000000002 6.5000000000000009 3.5000000000000004 86.000000000000014 3.5000000000000004 12.500000000000002 36.500000000000007
decision_type=2 2 2 2 2 2 2 2 2 2 2 2 2 2
left_child=2 4 -1 9 5 -2 8 -6 -5 -4 13 -10 -7 -9
right_child=1 -3 3 6 7 12 -8 10 11 -11 -12 -13 -14 -15
leaf_value=0.055391537420765372 -0.054132256629251641 -0.052349782305297521 0.026440917159386196 0.013151616690441105 -0.0057023235291510845 -0.00732549841637831 0.0062055918852538016 -0.0087211004115863681 0.0091349009451438465 0.023077208932300818 -0.0083689607871276269 0.011063992403484615 -0.010125615794573002 -0.011337028353871636
leaf_weight=0.22289369720965624 0.012413377757184207 0.26472579315304756 0.064366459846496582 0.05603942833840847 0.075468087568879128 0.033225111663341522 0.052384695038199425 0.031951103359460831 0.073123995214700699 0.044655629899352789 0.10572636872529984 0.080543395131826401 0.031939254142343998 0.044107687659561634
leaf_count=9 8 122 2 2 4 2 4 2 3 2 6 3 2 3
internal_value=0.000426538 -0.0286728 0.0297977 0.0144259 -0.00995315 -0.015968 0.0100011 -0.0081393 0.0109492 0.0250631 -0.00915101 0.010146 -0.00869793 -0.0102381
internal_weight=1.19356 0.599557 0.594007 0.371114 0.334831 0.0775777 0.262092 0.257253 0.209707 0.109022 0.181785 0.153667 0.0651644 0.0760588
internal_count=174 149 25 16 27 12 12 15 8 4 11 6 4 5
is_linear=0
shrinkage=0.05


Tree=48
num_leaves=15
num_cat=0
split_feature=2 2 2 2 16 1 1 17 17 2 2 2 15 17
split_gain=0.392263 0.0961539 0.0930718 0.00893565 0.00139135 0.00204754 0.00128368 0.00782077 0.000703133 0.000225428 0.000139322 5.09871e-05 4.81206e-05 4.66947e-05
threshold=10.500000000000002 20.500000000000004 3.5000000000000004 5.5000000000000009 1.5000000000000002 1.5000000000000002 2.5000000000000004 15.000000000000002 15.000000000000002 14.500000000000002 6.5000000000000009 7.5000000000000009 3.5000000000000004 2.5000000000000004
decision_type=2 2 2 2 2 2 2 2 2 2 2 2 2 2
left_child=2 6 -1 8 10 -6 7 -2 -4 -8 -5 -7 -12 -11
right_child=1 -3 3 4 5 11 9 -9 -10 13 12 -13 -14 -15
leaf_value=0.05527400310676403 -0.053917063463155314 -0.052273298142264071 0.019328225726695167 0.013063832095826441 0.008622549300799847 -0.0079071674611859693 -0.005974891218876021 -0.0088927998063685933 0.026712312529966149 -0.0077536790840794668 0.009149070714157723 -0.012970296612667024 0.010954573513409905 -0.0098897048931833199
leaf_weight=0.21025550295598805 0.011423085466958582 0.25541863823309541 0.048030480276793242 0.053954707458615303 0.042050043120980263 0.0088601359166204929 0.072490958496928215 0.061957581900060177 0.098057737573981285 0.033301868475973606 0.070382721722126007 0.01133183715865016 0.077584186568856239 0.11042087338864803
leaf_count=9 8 125 3 2 2 2 4 4 3 2 3 3 3 7
internal_value=0.00103969 -0.0299109 0.0282246 0.0143617 0.00887418 0.00233834 -0.0101875 -0.0159017 0.0242846 -0.00824817 0.0108888 -0.0107486 0.0100958 -0.00939477
internal_weight=1.16552 0.545013 0.620507 0.410252 0.264164 0.062242 0.289594 0.0733807 0.146088 0.216214 0.201922 0.020192 0.147967 0.143723
internal_count=180 150 30 21 15 7 25 12 6 13 8 5 6 9
is_linear=0
shrinkage=0.05


Tree=49
num_leaves=15
num_cat=0
split_feature=2 2 2 2 16 1 20 1 15 2 2 15 2 2
split_gain=0.357552 0.0929333 0.0856906 0.00854536 0.00128255 0.00191623 0.00127802 0.00714113 0.000572696 0.000192319 0.000132661 8.4755e-05 7.79328e-05 6.34462e-05
threshold=10.500000000000002 20.500000000000004 3.5000000000000004 5.5000000000000009 1.5000000000000002 1.5000000000000002 8.5000000000000018 2.5000000000000004 3.5000000000000004 11.500000000000002 6.5000000000000009 3.5000000000000004 14.500000000000002 16.500000000000004
decision_type=2 2 2 2 2 2 2 2 2 2 2 2 2 2
left_child=2 6 -1 8 10 -6 7 -2 -4 -8 -5 12 -11 -13
right_child=1 -3 3 4 5 -7 9 -9 -10 11 -12 13 -14 -15
leaf_value=0.055221128258545894 -0.053792677245464104 -0.05220835019140057 0.026556643561466472 0.012980890305610207 0.008593348154750588 -0.010628129944468783 -0.0050109350493740259 -0.0086703175096169722 0.019878434144271005 -0.0088976306444346412 0.010029184410091298 -0.0069568475177983636 -0.011903460086284784 -0.0093109022271334538
leaf_weight=0.1896771255414933 0.010687424684874713 0.23867646604776382 0.091307921335101128 0.05194401927292347 0.040435139089822769 0.019086686428636312 0.032678224146366119 0.048834847286343575 0.049510044511407614 0.045263385400176048 0.14247648604214191 0.051673926413059235 0.041185394860804081 0.064164234325289726
leaf_count=8 8 123 3 2 2 5 2 3 3 3 6 3 3 4
internal_value=0.000588893 -0.0290209 0.0276009 0.0143298 0.00885169 0.00242965 -0.0102278 -0.0167722 0.0242087 -0.00856999 0.0108178 -0.00914493 -0.0103296 -0.00826079
internal_weight=1.1176 0.533164 0.584437 0.39476 0.253942 0.0595218 0.294487 0.0595223 0.140818 0.234965 0.194421 0.202287 0.0864488 0.115838
internal_count=178 149 29 21 15 7 26 11 6 15 8 13 6 7
is_linear=0
shrinkage=0.05


Tree=50
num_leaves=15
num_cat=0
split_feature=2 2 2 2 20 1 20 17 3 17 1 3 17 2
split_gain=0.324058 0.0812641 0.0802774 0.00858549 0.000986806 0.00675231 0.000547806 0.000333448 0.000258622 0.00019292 0.000185581 0.000181695 6.65388e-05 4.93623e-05
threshold=10.500000000000002 20.500000000000004 3.5000000000000004 5.5000000000000009 8.5000000000000018 2.5000000000000004 8.5000000000000018 15.000000000000002 59.000000000000007 9.0000000000000018 2.5000000000000004 36.500000000000007 15.000000000000002 17.500000000000004
decision_type=2 2 2 2 2 2 2 2 2 2 2 2 2 2
left_child=2 4 -1 7 5 -2 -5 -4 9 -8 -11 -6 -13 -7
right_child=1 -3 3 6 11 13 8 -9 -10 10 -12 12 -14 -15
leaf_value=0.055044643518227479 -0.053669039413553554 -0.052132616859506847 0.022687783594552462 0.0026826578910572902 -0.006852103631514588 -0.008015433652853423 0.0110835119427689 0.028641976972135282 0.013119315745627162 0.0053281526617830754 0.0098003290202890725 -0.012181182469318513 -0.0093525479790404504 -0.010888510519936348
leaf_weight=0.18693051463924348 0.010005426127463579 0.20219108287710696 0.036850226111710072 0.028663499513641 0.07709965668618679 0.03297109343111515 0.067782379686832428 0.064971335232257843 0.051782429218292236 0.046182518359273672 0.046608263626694679 0.025877797976136208 0.10575172584503889 0.027352187782526016
leaf_count=9 8 111 2 3 5 2 3 2 2 4 2 2 7 2
internal_value=0.00170564 -0.0279947 0.0286857 0.0143137 -0.0105055 -0.0156278 0.00917087 0.0264871 0.0100466 0.00905575 0.0075745 -0.00877963 -0.00990865 -0.00931816
internal_weight=1.01102 0.481249 0.529771 0.342841 0.279058 0.0703287 0.241019 0.101822 0.212356 0.160573 0.0927908 0.208729 0.13163 0.0603233
internal_count=164 137 27 18 26 12 14 4 11 9 6 14 9 4
is_linear=0
shrinkage=0.05


Tree=51
num_leaves=15
num_cat=0
split_feature=2 2 2 2 0 20 1 2 4 21 2 15 2 2
split_gain=0.306483 0.0808727 0.0761051 0.00511248 0.00341388 0.000913544 0.00617439 0.000611223 0.000251736 0.000159551 0.000153277 5.95534e-05 4.52528e-05 4.40271e-05
threshold=10.500000000000002 20.500000000000004 3.5000000000000004 4.5000000000000009 2.5000000000000004 8.5000000000000018 2.5000000000000004 6.5000000000000009 1.0000000180025095e-35 5.5000000000000009 11.500000000000002 3.5000000000000004 8.5000000000000018 17.500000000000004
decision_type=2 2 2 2 2 2 2 2 2 2 2 2 2 2
left_child=2 5 -1 -4 8 6 -2 -6 -5 -9 -7 -12 -10 -8
right_child=1 -3 3 4 7 10 13 9 12 -11 11 -13 -14 -15
leaf_value=0.055003258703921504 -0.05348736642897918 -0.052059217468249819 0.025583235440331805 0.00040070102253715497 0.015613044360388226 -0.0055087087367623223 -0.0082319572344316371 0.0079789577782049554 -0.0094313989141581699 0.011347279469405655 -0.010231323339567102 -0.0083547839293656116 -0.014790443106745259 -0.010999847846925511
leaf_weight=0.16887149750255048 0.0092443506582640111 0.20776972838211805 0.066730529069900513 0.0062025305815041057 0.073499854654073715 0.030017533339560032 0.031687935814261436 0.057634990662336349 0.010962911881506443 0.09014570526778698 0.093530992977321148 0.077158148400485516 0.0061485322657972566 0.026283393613994122
leaf_count=8 8 120 3 1 3 2 2 3 3 4 7 5 2 2
internal_value=-0.00020248 -0.0286481 0.0279764 0.0133162 0.00996949 -0.0104932 -0.0155384 0.0118869 -0.00822896 0.0100336 -0.00880361 -0.00938305 -0.011357 -0.00948688
internal_weight=0.955889 0.475692 0.480197 0.311325 0.244595 0.267922 0.0672157 0.221281 0.023314 0.147781 0.200707 0.170689 0.0171114 0.0579713
internal_count=173 146 27 19 16 26 12 10 6 7 14 12 5 4
is_linear=0
shrinkage=0.05


Tree=52
num_leaves=15
num_cat=0
split_feature=2 2 2 2 3 1 17 16 1 1 2 2 2 3
split_gain=0.272174 0.0739958 0.0630051 0.00834616 0.000873784 0.00108227 0.00474851 0.000788422 0.00156279 0.000274406 0.000104711 7.57112e-05 5.02807e-05 4.22472e-05
threshold=10.500000000000002 20.500000000000004 3.5000000000000004 5.5000000000000009 34.500000000000007 2.5000000000000004 15.000000000000002 1.5000000000000002 1.5000000000000002 2.5000000000000004 6.5000000000000009 11.500000000000002 7.5000000000000009 62.500000000000007
decision_type=2 2 2 2 2 2 2 2 2 2 2 2 2 2
left_child=2 4 -1 9 11 6 -6 10 -9 -4 -5 -2 -10 -7
right_child=1 -3 3 7 5 13 -8 8 12 -11 -12 -13 -14 -15
leaf_value=0.054865487272381622 -0.0058332102213424818 -0.051985261487759428 0.022921193289208264 0.012575942724308739 -0.053375088763611793 -0.012038019079069961 -0.010615760313334933 0.0087652386285163326 -0.0084842833362576541 0.027693913917573837 0.0097999265469025931 -0.008702177580408435 -0.014674899640289452 -0.0097216261190784404
leaf_weight=0.13637546892277896 0.028777914121747017 0.18826669262489304 0.060576527379453182 0.046344328671693802 0.008682185027282685 0.036302165128290653 0.025748565793037415 0.0359910037368536 0.0070778541266918182 0.059892350807785988 0.12721875123679638 0.11445191781967878 0.0061127501539885998 0.042999382130801678
leaf_count=7 2 116 3 2 8 3 2 2 2 2 6 8 2 3
internal_value=-1.94688e-05 -0.0281714 0.0261155 0.0146918 -0.0107239 -0.0139959 -0.0213981 0.00895767 0.00336946 0.025294 0.0105412 -0.00812574 -0.0113531 -0.010782
internal_weight=0.924818 0.445229 0.479589 0.343214 0.256962 0.113732 0.0344308 0.222745 0.0491816 0.120469 0.173563 0.14323 0.0131906 0.0793015
internal_count=168 142 26 19 26 16 10 14 6 5 8 10 4 6
is_linear=0
shrinkage=0.05


Tree=53
num_leaves=15
num_cat=0
split_feature=2 2 2 2 16 1 20 1 1 2 3 2 17 2
split_gain=0.258982 0.0709096 0.0644274 0.00536095 0.00101507 0.00165253 0.000664918 0.00533369 0.000384498 0.000277398 7.88218e-05 7.27333e-05 5.04761e-05 3.89741e-05
threshold=10.500000000000002 20.500000000000004 3.5000000000000004 5.5000000000000009 1.5000000000000002 1.5000000000000002 8.5000000000000018 2.5000000000000004 2.5000000000000004 4.5000000000000009 36.500000000000007 6.5000000000000009 15.000000000000002 17.500000000000004
decision_type=2 2 2 2 2 2 2 2 2 2 2 2 2 2
left_child=2 6 -1 8 11 -6 7 -2 9 -4 -8 -5 -12 -9
right_child=1 -3 3 4 5 -7 10 13 -10 -11 12 -13 -14 -15
leaf_value=0.054746281484378372 -0.053272133945196858 -0.051918461034373656 0.024064611591792472 0.01253563298649036 0.0086550298181259071 -0.011064755693603833 -0.0084409895054057289 -0.0086192081973063203 0.027863221274245033 0.017462311736435223 -0.01256777662489578 0.010120271132128626 -0.0099556460341164426 -0.011328898680052088
leaf_weight=0.139443727908656 0.0081476956256665289 0.17943799175554886 0.034742591436952353 0.04461832158267498 0.034632259979844093 0.015325125539675355 0.081068575382232666 0.029251592233777046 0.030476143583655357 0.029348831623792648 0.023020223714411259 0.10339279100298882 0.094065510667860508 0.024289083667099476
leaf_count=8 8 118 2 2 2 5 6 2 1 2 2 5 7 2
internal_value=-0.000711576 -0.0277444 0.0267781 0.0134465 0.00876835 0.00260571 -0.0110507 -0.0155838 0.0232398 0.0210413 -0.00963943 0.0108484 -0.0104692 -0.00984848
internal_weight=0.87126 0.439281 0.43198 0.292536 0.197968 0.0499574 0.259843 0.0616884 0.0945676 0.0640914 0.198154 0.148011 0.117086 0.0535407
internal_count=172 145 27 19 14 7 27 12 5 4 15 7 9 4
is_linear=0
shrinkage=0.05


Tree=54
num_leaves=15
num_cat=0
split_feature=0 5 21 18 4 17 17 1 17 16 16 17 16 1
split_gain=0.138037 0.0175572 0.0146461 0.0133791 0.00740245 0.0478329 0.0255699 0.0213019 0.00527075 0.00472889 0.00310082 0.00495733 0.00244659 0.00101222
threshold=2.5000000000000004 1.0000000180025095e-35 5.5000000000000009 46.500000000000007 1.0000000180025095e-35 49.000000000000007 49.000000000000007 2.5000000000000004 6.5000000000000009 2.5000000000000004 1.5000000000000002 2.5000000000000004 2.5000000000000004 2.5000000000000004
decision_type=2 2 2 2 2 2 2 2 2 2 2 2 2 2
left_child=3 -2 10 9 5 7 8 12 -6 -1 11 -3 -4 -12
right_child=1 2 4 -5 6 -7 -8 -9 -10 -11 13 -13 -14 -15
leaf_value=-0.053153035472079613 -0.043022550958837752 0.016914493012899871 0.010759034159433479 -0.051894370872160672 -0.013818537668887871 -0.051666021000824749 0.016137608356796576 0.054496609469503937 -0.051990213363968064 -0.0067243190658013768 -0.0034075264556592518 -0.011476395658815751 0.025828671476135295 -0.013730633315580519
leaf_weight=0.0068812634563073507 0.015772784594446421 0.045014498056843877 0.058270188048481941 0.11495157377794385 0.036663667880930007 0.019456468988209963 0.27015301870414987 0.061874367296695709 0.012004320858977735 0.027016367064788938 0.094237691722810268 0.023351715877652168 0.05008292943239212 0.031745309592224658
leaf_count=7 12 3 3 72 5 15 22 4 9 8 7 2 2 6
internal_value=7.04815e-05 0.00914787 0.0103186 -0.0437541 0.0147808 0.0226019 0.0101276 0.0310905 -0.0232339 -0.0161494 -0.0013563 0.00721707 0.0177245 -0.00600875
internal_weight=0.867476 0.718627 0.702854 0.148849 0.508505 0.189684 0.318821 0.170227 0.048668 0.0338976 0.194349 0.0683662 0.108353 0.125983
internal_count=177 90 78 87 60 24 36 9 14 15 18 5 5 13
is_linear=0
shrinkage=0.05


Tree=55
num_leaves=15
num_cat=0
split_feature=2 2 2 2 16 3 3 20 15 3 2 2 2 3
split_gain=0.2554 0.0638964 0.0621225 0.00721105 0.00143856 0.000990599 0.00041638 0.000680135 0.00212415 0.000331776 0.000233768 0.000115733 3.65017e-05 3.47565e-05
threshold=10.500000000000002 3.5000000000000004 20.500000000000004 5.5000000000000009 1.5000000000000002 37.500000000000007 34.500000000000007 8.5000000000000018 1.5000000000000002 59.000000000000007 4.5000000000000009 6.5000000000000009 8.5000000000000018 33.500000000000007
decision_type=2 2 2 2 2 2 2 2 2 2 2 2 2 2
left_child=1 -1 6 9 11 -6 -2 8 -8 10 -3 -5 -7 -13
right_child=2 3 -4 4 5 12 7 -9 -10 -11 -12 13 -14 -15
leaf_value=0.054586245050067719 -0.0091857185514441376 0.024229457644438256 -0.051776499351023686 0.012158948483804589 0.0066130419346893139 -0.0098439907069357152 -0.011634065091428475 -0.011936739096110932 -0.053070894437030752 0.026731792887400858 0.017946091361210666 0.010362376645626932 -0.015157797893118254 0.0084977670602578072
leaf_weight=0.14379615511279553 0.11360159981995821 0.032321022357791662 0.16326332505559549 0.041910694912075996 0.01539344247430563 0.0089462681207805872 0.011014833115041256 0.097751345485448837 0.0043002506135962912 0.055165009573101997 0.027310708072036505 0.036644186824560165 0.0050594899803400048 0.078595340251922607
leaf_count=9 9 2 120 2 1 3 1 8 5 2 2 2 2 4
internal_value=0.00128314 0.0271631 -0.0282612 0.0140773 0.00800986 -0.00214156 -0.0113237 -0.0134717 -0.0232689 0.0239371 0.0213517 0.00990896 -0.0117636 0.00909068
internal_weight=0.835074 0.445142 0.389931 0.301346 0.186549 0.0293992 0.226668 0.113066 0.0153151 0.114797 0.0596317 0.15715 0.0140058 0.11524
internal_count=172 29 143 20 14 6 23 14 6 6 4 8 5 6
is_linear=0
shrinkage=0.05


Tree=56
num_leaves=15
num_cat=0
split_feature=2 2 2 2 3 17 17 2 15 3 16 2 2 1
split_gain=0.233718 0.0609188 0.0567143 0.00483515 0.000407801 0.000931467 0.000303731 0.000311029 0.0017126 0.000251597 0.000232766 0.00010745 4.8334e-05 2.75626e-05
threshold=10.500000000000002 3.5000000000000004 20.500000000000004 5.5000000000000009 34.500000000000007 2.5000000000000004 15.000000000000002 18.500000000000004 3.5000000000000004 56.000000000000007 1.5000000000000002 6.5000000000000009 11.500000000000002 2.5000000000000004
decision_type=2 2 2 2 2 2 2 2 2 2 2 2 2 2
left_child=1 -1 4 9 12 -6 7 8 -7 -3 11 -5 -2 -13
right_child=2 3 -4 10 5 6 -8 -9 -10 -11 -12 13 -14 -15
leaf_value=0.05450046233982514 -0.0076538674082289706 0.02580075723186305 -0.051721085364356927 0.012121431688358006 -0.05316455059020582 -0.012872986638220932 -0.011958775863134177 -0.011812821259334604 -0.052898489158976526 0.020358962671269465 0.0055908827399036767 0.010261818303047475 -0.01017743997090103 0.0085699568136157565
leaf_weight=0.13439939194358885 0.024447863921523094 0.046674860641360283 0.14929500821745023 0.040350111201405525 0.0014917008229531339 0.010388301685452461 0.084329438395798206 0.010594664141535759 0.0035982168628834197 0.038978098891675472 0.03925127093680203 0.035310665145516396 0.084745381958782673 0.075641844421625137
leaf_count=8 2 2 116 2 2 1 7 1 4 3 5 2 7 4
internal_value=0.000940944 0.0268914 -0.0279441 0.0134571 -0.011779 -0.0139218 -0.0133844 -0.018275 -0.0231701 0.0233244 0.00902185 0.00991192 -0.00961242 0.00910839
internal_weight=0.779497 0.410606 0.368891 0.276207 0.219596 0.110402 0.108911 0.0245812 0.0139865 0.085653 0.190554 0.151303 0.109193 0.110953
internal_count=166 26 140 18 24 15 13 6 5 5 13 8 9 6
is_linear=0
shrinkage=0.05


Tree=57
num_leaves=15
num_cat=0
split_feature=2 2 2 2 20 3 20 20 1 2 2 2 2 2
split_gain=0.219535 0.0544381 0.0506478 0.00606864 0.000938066 0.000412052 0.000800163 0.00211795 0.000297453 0.000236161 0.000196535 4.03332e-05 2.80739e-05 2.43473e-05
threshold=10.500000000000002 20.500000000000004 3.5000000000000004 5.5000000000000009 8.5000000000000018 34.500000000000007 8.5000000000000018 3.5000000000000004 2.5000000000000004 9.5000000000000018 4.5000000000000009 7.5000000000000009 11.500000000000002 18.500000000000004
decision_type=2 2 2 2 2 2 2 2 2 2 2 2 2 2
left_child=2 5 -1 8 -5 12 7 -7 10 11 -4 -6 -2 -8
right_child=1 -3 3 4 9 6 13 -9 -10 -11 -12 -13 -14 -15
leaf_value=0.054413930709102047 -0.0078886485100167179 -0.051646371534744433 0.024146497898293443 -0.0005394066533309426 0.012233989737777512 -0.011962286979805167 -0.011693645290534987 -0.052810269293491134 0.026690121615713647 0.0064112259211511081 0.018172027359761794 0.010293292991386236 -0.0098810968491079426 -0.013347438848079521
leaf_weight=0.11417976417578757 0.023434813134372234 0.14463034097570926 0.030060960445553064 0.02385636349208653 0.056417940184473991 0.010184719227254391 0.067671101540327072 0.0046095635625533768 0.051420129835605621 0.031863642856478691 0.025392682757228613 0.050950166769325733 0.071987349539995193 0.033160553313791752
leaf_count=8 2 120 2 4 3 1 6 6 2 2 2 3 6 3
internal_value=0.000288922 -0.0280169 0.0264974 0.0146902 0.00862159 -0.0118237 -0.0138308 -0.0246896 0.0239508 0.0101913 0.0214107 0.0113131 -0.00939177 -0.0122375
internal_weight=0.73982 0.355678 0.384142 0.269962 0.163088 0.211048 0.115626 0.0147943 0.106874 0.139232 0.0554536 0.107368 0.0954222 0.100832
internal_count=170 144 26 18 12 24 16 7 6 8 4 6 8 9
is_linear=0
shrinkage=0.05


Tree=58
num_leaves=15
num_cat=0
split_feature=2 2 2 2 16 1 1 21 2 2 2 2 2 2
split_gain=0.176293 0.0516522 0.0348751 0.00644879 0.000630911 0.00185859 0.000371219 0.00357174 0.000204375 0.000179136 0.0001266 4.25981e-05 3.16085e-05 2.23012e-05
threshold=10.500000000000002 20.500000000000004 3.5000000000000004 5.5000000000000009 2.5000000000000004 1.5000000000000002 2.5000000000000004 3.5000000000000004 9.5000000000000018 4.5000000000000009 15.500000000000002 7.5000000000000009 17.500000000000004 13.500000000000002
decision_type=2 2 2 2 2 2 2 2 2 2 2 2 2 2
left_child=2 6 -1 9 8 -6 7 13 11 -4 -8 -5 -12 -2
right_child=1 -3 3 4 5 -7 10 -9 -10 -11 12 -13 -14 -15
leaf_value=0.05409482160400924 -0.0097346697612278529 -0.051606066616907781 0.027296275751537744 0.012134505808487864 0.012340377544180733 -0.015972439734460792 -0.0092073204679500795 -0.052653646027289884 0.0065229278133372443 0.023010056513682375 -0.011031401108348785 0.010144987408254385 -0.01278068992620374 -0.01205880048596121
leaf_weight=0.072611228912137449 0.020938013680279255 0.13503223971929401 0.046845801174640656 0.054330922663211823 0.015016047284007072 0.0094405580312013626 0.060563820414245129 0.0058408683398738495 0.030675808899104595 0.050822780933231115 0.0435703219845891 0.053299177438020706 0.063401719555258751 0.020356555469334126
leaf_count=7 2 118 2 3 1 4 5 8 2 3 4 3 6 2
internal_value=-0.00258261 -0.0273772 0.0234524 0.014909 0.00881413 0.00141127 -0.0121368 -0.0160568 0.0101232 0.0250659 -0.011034 0.0111493 -0.0120682 -0.0108804
internal_weight=0.682746 0.349704 0.333042 0.260431 0.162763 0.0244566 0.214671 0.0471354 0.138306 0.0976686 0.167536 0.10763 0.106972 0.0412946
internal_count=170 145 25 18 13 5 27 12 8 5 15 6 10 4
is_linear=0
shrinkage=0.05


Tree=59
num_leaves=15
num_cat=0
split_feature=2 2 2 2 20 3 20 1 1 2 3 3 2 17
split_gain=0.160799 0.0477522 0.0305381 0.00585817 0.000709146 0.000473027 0.00105026 0.00227293 0.00023399 0.000148189 0.000141906 0.000192222 3.5662e-05 2.66584e-05
threshold=10.500000000000002 20.500000000000004 3.5000000000000004 5.5000000000000009 8.5000000000000018 34.500000000000007 8.5000000000000018 2.5000000000000004 2.5000000000000004 4.5000000000000009 59.000000000000007 33.500000000000007 11.500000000000002 2.5000000000000004
decision_type=2 2 2 2 2 2 2 2 2 2 2 2 2 2
left_child=2 5 -1 8 -5 12 7 -7 9 -4 11 -6 -2 -14
right_child=1 -3 3 4 10 6 -8 -9 -10 -11 -12 -13 13 -15
leaf_value=0.054057877610263372 -0.0081683208837400514 -0.051553287669153083 0.02392529639086333 -0.00023505675235847455 0.010513492130632549 -0.05258154002704845 -0.012686574001622708 -0.012161935962032385 0.026315854469014868 0.018548608043066638 0.012087045824474289 0.0057778874022813244 -0.0094191411176702492 -0.011319029014589279
leaf_weight=0.060594786191359162 0.021504779346287251 0.13101262704003602 0.027964301407337189 0.021864350419491529 0.048362073488533497 0.0055193839943967768 0.081750917248427868 0.0094043007120490074 0.047813840210437775 0.023656275123357773 0.037753252312541008 0.038477023597806692 0.033112977631390095 0.041734755039215088
leaf_count=6 2 121 2 4 3 8 8 1 2 2 2 4 3 4
internal_value=-0.0036987 -0.0282552 0.0222643 0.0144294 0.00807035 -0.0124422 -0.0149132 -0.0271107 0.0237957 0.0214613 0.00952784 0.00841522 -0.0099629 -0.0104785
internal_weight=0.630526 0.32404 0.306486 0.245891 0.146457 0.193027 0.0966746 0.0149237 0.0994344 0.0516206 0.124592 0.0868391 0.0963525 0.0748477
internal_count=172 147 25 19 13 26 17 9 6 4 9 7 9 7
is_linear=0
shrinkage=0.05


Tree=60
num_leaves=15
num_cat=0
split_feature=2 2 2 2 1 16 1 3 20 15 2 2 2 2
split_gain=0.185757 0.0478996 0.0466816 0.00386717 0.00069913 0.000670534 0.00157339 0.000387231 0.00100908 0.00211017 0.000148264 3.09067e-05 3.09048e-05 2.45529e-05
threshold=10.500000000000002 3.5000000000000004 20.500000000000004 5.5000000000000009 2.5000000000000004 2.5000000000000004 1.5000000000000002 34.500000000000007 8.5000000000000018 1.5000000000000002 9.5000000000000018 8.5000000000000018 11.500000000000002 7.5000000000000009
decision_type=2 2 2 2 2 2 2 2 2 2 2 2 2 2
left_child=1 -1 7 4 -3 10 -7 12 9 -9 13 -8 -2 -5
right_child=2 3 -4 5 -6 6 11 8 -10 -11 -12 -13 -14 -15
leaf_value=0.054099320732888867 -0.0083887444817325584 0.01602913792352573 -0.051502330979937699 0.011883317272758161 0.026058945567406663 0.011711473705065041 -0.011707601286150204 -0.012306712035840722 -0.012480611672284619 -0.052456082316359592 0.0066076893408362029 -0.017269251550539568 -0.010551715727617346 0.010104321622560558
leaf_weight=0.10815726418513805 0.020610295236110687 0.02789855282753706 0.11962611309718341 0.031906997784972191 0.046058731153607368 0.013909255154430866 0.006857989588752389 0.0090407878160476685 0.089540651068091393 0.0051294694421812901 0.028432905673980713 0.0039291027933359146 0.08310051541775465 0.049460543319582939
leaf_count=9 2 3 117 2 2 1 3 1 9 8 2 2 8 3
internal_value=-0.000199492 0.0271002 -0.026628 0.0130916 0.0222754 0.0080415 0.000597441 -0.0122822 -0.0144426 -0.0268403 0.00971583 -0.0137334 -0.0101219 0.0108019
internal_weight=0.643659 0.316611 0.327048 0.208454 0.0739573 0.134497 0.0246963 0.207422 0.103711 0.0141703 0.1098 0.0107871 0.103711 0.0813675
internal_count=172 27 145 18 5 13 6 28 18 9 7 5 10 5
is_linear=0
shrinkage=0.05


Tree=61
num_leaves=15
num_cat=0
split_feature=2 2 2 2 20 3 20 15 2 17 2 2 19 2
split_gain=0.169505 0.0429036 0.0364005 0.00683237 0.000683365 0.000315912 0.000549993 0.00163226 0.000135189 6.07698e-05 4.75996e-05 2.89418e-05 1.72865e-05 9.80569e-06
threshold=10.500000000000002 20.500000000000004 3.5000000000000004 5.5000000000000009 8.5000000000000018 34.500000000000007 8.5000000000000018 1.5000000000000002 9.5000000000000018 15.000000000000002 6.5000000000000009 4.5000000000000009 86.000000000000014 12.500000000000002
decision_type=2 2 2 2 2 2 2 2 2 2 2 2 2 2
left_child=2 5 -1 11 -5 12 7 -7 9 10 -6 -4 -2 -14
right_child=1 -3 3 4 8 6 -8 -9 -10 -11 -12 -13 13 -15
leaf_value=0.053969066836460314 -0.011161901442941619 -0.051461750676641306 0.027095422943294895 -8.5879456211467714e-05 0.011438078952693347 -0.012489647571478102 -0.012873902060335209 -0.052353141498526018 0.0066351610630394067 0.011548286499447322 0.0080590990046414002 0.025237895844686487 -0.0087898724457713007 -0.010172204821787724
leaf_weight=0.077552099304739386 0.027556896209716797 0.12034175562439486 0.042167330160737038 0.020079279318451881 0.015628274530172348 0.0086981765925884247 0.075566920451819897 0.0036435817019082615 0.0274026058614254 0.064683334901928902 0.031289465143345296 0.041714506223797798 0.021352098323404789 0.032139342278242111
leaf_count=8 3 123 2 4 1 1 8 6 2 4 3 2 2 3
internal_value=-0.000899753 -0.0286466 0.0241446 0.0146249 0.00853643 -0.0123962 -0.0144722 -0.0242583 0.00978193 0.0105546 0.00918464 0.0261717 -0.0101445 -0.00962042
internal_weight=0.609816 0.289299 0.320517 0.242965 0.159083 0.168957 0.0879087 0.0123418 0.139004 0.111601 0.0469177 0.0838818 0.0810483 0.0534914
internal_count=172 146 26 18 14 23 15 7 10 8 4 4 8 5
is_linear=0
shrinkage=0.05


Tree=62
num_leaves=15
num_cat=0
split_feature=0 3 3 3 1 18 3 3 1 20 15 3 18 4
split_gain=0.0822783 0.0141831 0.036008 0.0302955 0.0215969 0.00897595 0.00760408 0.00433456 0.00361828 0.00267081 0.00148584 0.00134025 0.00546999 0.00418306
threshold=2.5000000000000004 54.500000000000007 62.500000000000007 20.500000000000004 2.5000000000000004 46.500000000000007 56.000000000000007 48.500000000000007 1.5000000000000002 5.5000000000000009 3.5000000000000004 34.500000000000007 86.000000000000014 1.0000000180025095e-35
decision_type=2 2 2 2 2 2 2 2 2 2 2 2 2 2
left_child=5 3 6 4 8 9 -3 11 -2 -1 -4 -5 13 -13
right_child=1 2 10 7 -6 -7 -8 -9 -10 -11 -12 12 -14 -15
leaf_value=-0.052237939286840923 -0.0014466118649755911 0.054102157793669517 0.00060503115335829429 -0.0067125129789250117 0.053895918486229238 -0.051437371132443559 0.02668659493230495 -0.051527657928169428 0.016373494247241337 -0.0073821305707563664 -0.017662490597751729 0.0059329516434538749 -0.051254902531639362 -0.021278655810459974
leaf_weight=0.0040325406880583605 0.051356379874050617 0.034056339995004237 0.014832357002887875 0.10423795838141814 0.033781624399125576 0.070378454111050814 0.098287257715128362 0.0066106779268011442 0.063963404856622219 0.018742121144896373 0.044612392608541995 0.02403686847537756 0.0093487697304226458 0.034242018999066204
leaf_count=7 5 3 3 15 2 69 7 8 4 8 13 3 12 14
internal_value=0.000662147 0.00842309 0.0192216 0.00210084 0.0187369 -0.0426082 0.0337415 -0.0117972 0.00843751 -0.0153244 -0.0131045 -0.010269 -0.0157507 -0.0100553
internal_weight=0.612519 0.519366 0.191788 0.327578 0.149101 0.0931531 0.132344 0.178476 0.11532 0.0227747 0.0594447 0.171866 0.0676277 0.0582789
internal_count=173 89 26 63 11 84 10 52 9 15 16 44 29 17
is_linear=0
shrinkage=0.05


Tree=63
num_leaves=15
num_cat=0
split_feature=2 2 2 2 20 1 3 16 3 2 1 1 2 2
split_gain=0.141695 0.0386167 0.0331178 0.00457881 0.000757916 0.000398428 0.000331295 0.00174093 0.000263959 6.43795e-05 6.90731e-05 0.000117836 6.31726e-05 2.51387e-05
threshold=10.500000000000002 20.500000000000004 3.5000000000000004 5.5000000000000009 8.5000000000000018 2.5000000000000004 34.500000000000007 2.5000000000000004 56.000000000000007 7.5000000000000009 2.5000000000000004 1.5000000000000002 17.500000000000004 12.500000000000002
decision_type=2 2 2 2 2 2 2 2 2 2 2 2 2 2
left_child=2 5 -1 8 -5 6 -2 -8 -4 -6 11 -11 13 -7
right_child=1 -3 3 4 9 12 7 -9 -10 10 -12 -13 -14 -15
leaf_value=0.053672080298138081 -0.012206289539139232 -0.051367951344855015 0.026743521899689288 -0.0012049969807860026 0.011077783586640773 -0.0090717018401675342 -0.052143652410859567 -0.014801665404717369 0.020455355221399855 0.009374639076919886 0.0100696321726431 0.0037352562284345883 -0.01286785677318484 -0.011148770105025211
leaf_weight=0.065610470483079553 0.01726040430366993 0.10725187446223572 0.037067588418722153 0.018721719854511321 0.045283711515367031 0.019728419370949268 0.0038094347983133039 0.01727720390772447 0.030356258619576693 0.024037952534854412 0.045314056798815727 0.015070614987052977 0.052217426244169474 0.055684669874608517
leaf_count=8 2 123 2 4 3 2 7 3 3 2 3 2 6 6
internal_value=-0.00233524 -0.0279841 0.0225634 0.0131075 0.00819939 -0.0128738 -0.0173431 -0.0215477 0.0239124 0.00955681 0.00874097 0.00720148 -0.011531 -0.0106054
internal_weight=0.554692 0.273229 0.281462 0.215852 0.148428 0.165978 0.038347 0.0210866 0.0674238 0.129706 0.0844226 0.0391086 0.127631 0.0754131
internal_count=176 149 27 19 14 26 12 10 5 10 7 4 14 8
is_linear=0
shrinkage=0.05


Tree=64
num_leaves=15
num_cat=0
split_feature=2 2 2 2 20 20 18 15 2 2 17 1 2 2
split_gain=0.154979 0.0374661 0.0359957 0.00513027 0.000379118 0.000331164 0.0018218 0.000183879 5.26293e-05 4.26905e-05 8.67707e-05 1.31255e-05 2.48941e-05 7.00155e-06
threshold=10.500000000000002 3.5000000000000004 20.500000000000004 5.5000000000000009 8.5000000000000018 8.5000000000000018 46.500000000000007 3.5000000000000004 12.500000000000002 9.5000000000000018 15.000000000000002 2.5000000000000004 18.500000000000004 6.5000000000000009
decision_type=2 2 2 2 2 2 2 2 2 2 2 2 2 2
left_child=1 -1 5 7 -5 6 -2 -3 -7 10 13 -10 -13 -6
right_child=2 3 -4 4 9 8 -8 -9 11 -11 -12 12 -14 -15
leaf_value=0.053801616682645798 -0.052090766964835472 0.025634842470833454 -0.051326201502851845 0.0011889513615194515 0.008879613169222228 -0.0099756123741971126 -0.012201216392468463 0.020725632071841468 -0.013460913293557898 0.007396833690825411 0.01098361022465945 -0.011519965422092276 -0.013425727910518529 0.0075681333328458059
leaf_weight=0.080409581889398396 0.0034195710613857946 0.054416414350271225 0.1019134865491651 0.01641649252269417 0.015935724717564881 0.02718039695173502 0.017565768212080002 0.029368753777816892 0.02444852702319622 0.024663858115673065 0.058107682503759861 0.05317344143986702 0.025283414404839277 0.028160510584712029
leaf_count=8 7 3 123 3 2 3 2 3 3 2 4 6 3 3
internal_value=0.000622858 0.024472 -0.0283635 0.0140858 0.00833874 -0.0128727 -0.0187012 0.023914 -0.0119325 0.00926391 0.00971448 -0.0124493 -0.0121341 0.00804208
internal_weight=0.560464 0.307479 0.252985 0.227069 0.143284 0.151071 0.0209853 0.0837852 0.130086 0.126868 0.102204 0.102905 0.0784569 0.0440962
internal_count=175 28 147 20 14 24 9 6 15 11 9 12 9 5
is_linear=0
shrinkage=0.05


Tree=65
num_leaves=15
num_cat=0
split_feature=2 2 2 2 17 16 1 20 3 2 2 3 3 2
split_gain=0.145236 0.038154 0.0335107 0.00442646 0.000596688 0.00044607 0.00125173 0.000150209 0.000293185 0.00125867 5.065e-05 2.5126e-05 2.2673e-05 2.19462e-05
threshold=10.500000000000002 3.5000000000000004 20.500000000000004 5.5000000000000009 15.000000000000002 2.5000000000000004 1.5000000000000002 8.5000000000000018 34.500000000000007 18.500000000000004 9.5000000000000018 36.500000000000007 61.500000000000007 7.5000000000000009
decision_type=2 2 2 2 2 2 2 2 2 2 2 2 2 2
left_child=1 -1 7 4 -3 10 -7 8 -2 -10 12 -9 13 -5
right_child=2 3 -4 5 -6 6 -8 11 9 -11 -12 -13 -14 -15
leaf_value=0.053687636987561585 -0.012334606383859172 0.018228130486895703 -0.051288535375756533 0.011177459994779343 0.028018049519579081 0.011245551047216688 -0.015419014618757285 -0.011399443781252256 -0.052001597855938643 -0.012399863362885288 0.007404676208948871 -0.012851493488946084 0.0087567132182705589 0.0093401375604719138
leaf_weight=0.082766778708901256 0.016882386524230242 0.025704625528305769 0.092021464603021741 0.042059790343046188 0.039453731849789619 0.011646627448499203 0.0070749492151662699 0.049940531607717276 0.0027468259795568883 0.0074437856674194336 0.023764842189848423 0.073843358084559441 0.026994019746780396 0.026488643139600754
leaf_count=9 2 3 117 3 2 1 4 6 6 1 2 9 2 2
internal_value=0.000922718 0.0250714 -0.0275089 0.0134149 0.024156 0.00834436 0.00116892 -0.0130035 -0.0163772 -0.0230743 0.00947033 -0.0122657 0.00998413 0.0104675
internal_weight=0.528832 0.285954 0.242878 0.203187 0.0651584 0.138029 0.0187216 0.150857 0.027073 0.0101906 0.119307 0.123784 0.0955425 0.0685484
internal_count=169 28 141 19 5 14 5 24 9 7 9 15 7 5
is_linear=0
shrinkage=0.05


Tree=66
num_leaves=15
num_cat=0
split_feature=2 2 2 2 16 1 1 3 16 15 2 2 15 2
split_gain=0.140814 0.0349858 0.0334357 0.00469553 0.000687124 0.00142311 0.000196713 0.000513517 0.00125971 0.000151767 6.2462e-05 6.07659e-05 3.48243e-05 2.04028e-05
threshold=10.500000000000002 3.5000000000000004 20.500000000000004 5.5000000000000009 2.5000000000000004 1.5000000000000002 2.5000000000000004 34.500000000000007 2.5000000000000004 3.5000000000000004 9.5000000000000018 17.500000000000004 4.5000000000000009 7.5000000000000009
decision_type=2 2 2 2 2 2 2 2 2 2 2 2 2 2
left_child=1 -1 6 9 10 -6 7 -2 -9 -3 13 -8 -7 -5
right_child=2 3 -4 4 5 12 11 8 -10 -11 -12 -13 -14 -15
leaf_value=0.053613860717775366 -0.011841072581389814 0.02542702801572215 -0.051250566888016484 0.011184007352298631 0.011038826304875807 -0.019065957766308494 -0.010957700643481191 -0.051876781490686856 -0.01437748338684809 0.020804511736495612 0.0074335033790202919 -0.013255474040134342 -0.01239766844620848 0.0095905746080138694
leaf_weight=0.078359395556617528 0.022672888357192278 0.050672946497797966 0.088496266602305695 0.040515951812267303 0.011212291195988655 0.0049049434019252658 0.075641579460352659 0.003123817907180638 0.0079118327703326941 0.027335266349837184 0.022893334738910198 0.046437101904302835 0.0032586950110271573 0.039846419356763363
leaf_count=9 3 3 118 3 1 3 9 7 2 3 2 6 2 3
internal_value=0.0010118 0.0252819 -0.0267074 0.0142169 0.00811627 -0.000523698 -0.0127654 -0.0161466 -0.0249923 0.0238072 0.00973756 -0.0118317 -0.0164042 0.0103939
internal_weight=0.523283 0.278999 0.244283 0.20064 0.122632 0.0193759 0.155787 0.0337085 0.0110357 0.0780082 0.103256 0.122079 0.00816364 0.0803624
internal_count=174 29 145 20 14 6 27 12 9 6 8 15 5 6
is_linear=0
shrinkage=0.05


Tree=67
num_leaves=15
num_cat=0
split_feature=2 2 2 2 16 1 17 3 1 15 21 15 2 2
split_gain=0.131594 0.0335599 0.0306466 0.00415688 0.000616132 0.00128183 0.000528894 0.000221005 0.000567605 0.00112339 8.69606e-05 2.96791e-05 2.84113e-05 1.96942e-05
threshold=10.500000000000002 3.5000000000000004 20.500000000000004 5.5000000000000009 2.5000000000000004 1.5000000000000002 15.000000000000002 34.500000000000007 2.5000000000000004 3.5000000000000004 5.5000000000000009 4.5000000000000009 11.500000000000002 7.5000000000000009
decision_type=2 2 2 2 2 2 2 2 2 2 2 2 2 2
left_child=1 -1 7 6 10 -6 -3 12 9 -9 -5 -7 -2 -12
right_child=2 3 -4 4 5 11 -8 8 -10 -11 13 -13 -14 -15
leaf_value=0.05353651076437374 -0.009355506028076388 0.01832734618513376 -0.051198035085550514 0.0067350459462626718 0.010781159159380315 -0.018389245446489868 0.027885651441357729 -0.015297117855946141 -0.013182306857720745 -0.051864506389406755 0.011144698558144284 -0.0120741758267512 -0.011752846286453168 0.0095503862334830429
leaf_weight=0.074207586992997676 0.015383891295641661 0.023840666282922029 0.08411861999775283 0.021126323379576206 0.010801727883517742 0.0046534299617633215 0.036831140518188477 0.007080799899995327 0.05248032882809639 0.0029860146751161665 0.039052681997418404 0.0030999304726719856 0.062846004031598568 0.038432533852756023
leaf_count=9 2 3 120 2 1 3 2 1 7 7 3 2 8 3
internal_value=0.000483455 0.0252923 -0.0273204 0.0135067 0.00800583 -0.000352843 0.0241298 -0.0130528 -0.0152684 -0.0261437 0.00957862 -0.0158644 -0.0112814 0.0103539
internal_weight=0.476942 0.252046 0.224896 0.177838 0.117167 0.0185551 0.0606718 0.140777 0.0625471 0.0100668 0.0986115 0.00775336 0.0782299 0.0774852
internal_count=173 28 145 19 14 6 5 25 15 8 8 5 10 6
is_linear=0
shrinkage=0.05


Tree=68
num_leaves=15
num_cat=0
split_feature=2 2 2 2 1 3 2 17 3 3 2 2 2 2
split_gain=0.118102 0.0282352 0.028181 0.00422095 0.000237368 0.000278199 0.000438325 0.000210234 0.000122752 0.00126698 0.000114628 5.35001e-05 3.30604e-05 1.66989e-05
threshold=10.500000000000002 3.5000000000000004 20.500000000000004 5.5000000000000009 2.5000000000000004 34.500000000000007 13.500000000000002 15.000000000000002 37.500000000000007 59.000000000000007 14.500000000000002 9.5000000000000018 16.500000000000004 7.5000000000000009
decision_type=2 2 2 2 2 2 2 2 2 2 2 2 2 2
left_child=1 -1 4 7 5 -2 -7 -3 11 13 -8 -5 -6 -10
right_child=2 3 -4 8 12 6 10 -9 9 -11 -12 -13 -14 -15
leaf_value=0.053555705734536142 -0.011372384575560711 0.021185985225543987 -0.05116432419164868 0.010315428487923273 -0.010665080774918777 -0.051977450270499249 -0.014242401834102561 0.027663550561806402 -0.012461721316714573 0.010497831760781427 -0.022772665869428891 0.0073837006423890308 -0.012560725941987889 -0.01776202832519003
leaf_weight=0.061852766608353704 0.013801634311676025 0.019344488391652703 0.078615960315801203 0.058020466938614845 0.04837912879884243 0.0010657266539055845 0.0072889991861302397 0.035538503900170326 0.0031503433128818861 0.027065508998930454 0.0085670718108303845 0.021264632232487202 0.0438451929949224 0.0028128377161920071
leaf_count=7 2 2 117 5 6 3 2 2 2 2 5 2 6 2
internal_value=0.000129262 0.0246931 -0.0277842 0.0140157 -0.0128343 -0.0166407 -0.0209376 0.0253804 0.00846224 0.0059012 -0.0188513 0.00952913 -0.0115663 -0.0149619
internal_weight=0.430613 0.22905 0.201564 0.167197 0.122948 0.0307234 0.0169218 0.054883 0.112314 0.0330287 0.0158561 0.0792851 0.0922243 0.00596318
internal_count=165 24 141 17 24 12 10 4 13 6 7 7 12 4
is_linear=0
shrinkage=0.05


Tree=69
num_leaves=15
num_cat=0
split_feature=2 2 2 2 3 20 1 2 3 2 1 2 18 2
split_gain=0.113964 0.0269349 0.0247598 0.00408812 0.000138055 0.000406167 0.00116419 8.9677e-05 4.60367e-05 9.87956e-05 2.95994e-05 2.61705e-05 1.79469e-05 1.7579e-05
threshold=10.500000000000002 20.500000000000004 3.5000000000000004 5.5000000000000009 34.500000000000007 8.5000000000000018 2.5000000000000004 9.5000000000000018 37.500000000000007 6.5000000000000009 2.5000000000000004 11.500000000000002 86.000000000000014 7.5000000000000009
decision_type=2 2 2 2 2 2 2 2 2 2 2 2 2 2
left_child=2 4 -1 10 11 6 -6 8 13 -10 -4 -2 -13 -5
right_child=1 -3 3 7 5 -7 -8 -9 9 -11 -12 12 -14 -15
leaf_value=0.053466809065123855 -0.0096189711198117964 -0.051129035718117458 0.023388156538522071 0.011327461611348906 -0.051821327832810987 -0.013253115427206356 -0.012871114323233302 0.0058301686514872914 0.01099348753672026 0.0051348262391913953 0.025487737536277172 -0.01319433126579401 -0.011154516968507035 0.009525921146739641
leaf_weight=0.054273018264211714 0.014126649592071772 0.076319719228195027 0.033369699725881219 0.02301222737878561 0.0027502260054461658 0.055615874938666821 0.0063429158180952072 0.021743222139775753 0.013252312317490578 0.015745350276120007 0.033778419718146324 0.020040515810251236 0.023343963082879782 0.032899921759963036
leaf_count=7 2 120 3 2 7 8 1 3 1 3 2 3 3 3
internal_value=-0.000125452 -0.0278236 0.0239859 0.0147799 -0.0132706 -0.0148549 -0.0246516 0.00869528 0.00942896 0.00781231 0.0244443 -0.0114881 -0.0120968 0.0102674
internal_weight=0.426614 0.19854 0.228074 0.173801 0.12222 0.064709 0.00909314 0.106653 0.0849098 0.0289977 0.0671481 0.0575111 0.0433845 0.0559121
internal_count=168 144 24 17 24 16 8 12 9 4 5 8 6 5
is_linear=0
shrinkage=0.05


Tree=70
num_leaves=15
num_cat=0
split_feature=2 2 2 2 16 1 15 3 17 1 2 2 2 15
split_gain=0.10865 0.029827 0.0258395 0.00295143 0.000825954 0.000767277 0.000252404 0.000188284 0.000292409 0.00129764 2.92101e-05 2.32022e-05 2.24358e-05 1.853e-05
threshold=10.500000000000002 3.5000000000000004 20.500000000000004 5.5000000000000009 1.5000000000000002 1.5000000000000002 3.5000000000000004 34.500000000000007 15.000000000000002 2.5000000000000004 6.5000000000000009 11.500000000000002 8.5000000000000018 3.5000000000000004
decision_type=2 2 2 2 2 2 2 2 2 2 2 2 2 2
left_child=1 -1 7 6 10 -6 -3 11 9 -9 -5 -2 -7 -12
right_child=2 3 -4 4 5 12 -8 8 -10 -11 13 -13 -14 -15
leaf_value=0.053327761304809318 -0.0098400892470455019 0.028775495314650817 -0.05109383875721471 0.011168830536913003 0.0069069884759292198 -0.013290937728629921 0.020605162809301806 -0.051711749463137759 -0.013436936173073944 -0.014326201722672297 0.0082497936064428439 -0.01214744910362813 -0.019268847342192617 0.0099224002952224537
leaf_weight=0.063195033348165452 0.013548922259360552 0.015752198174595833 0.071610916405916214 0.024021084420382977 0.0088246399536728859 0.0042519692797213801 0.023637102218344808 0.0028851643146481374 0.041341157630085945 0.011871126014739275 0.031309028156101704 0.055629607755690813 0.0024880088167265058 0.035147779621183872
leaf_count=9 2 1 120 2 1 3 3 8 6 2 3 8 2 3
internal_value=-0.00049448 0.0246478 -0.027136 0.0121855 0.0078443 -0.00279493 0.0238726 -0.0134411 -0.0155936 -0.0216359 0.00967453 -0.0116955 -0.0154976 0.0091344
internal_weight=0.405514 0.208627 0.196887 0.145432 0.106043 0.0155646 0.0393893 0.125276 0.0560974 0.0147563 0.0904779 0.0691785 0.00673998 0.0664568
internal_count=173 27 146 18 14 6 4 26 16 10 8 10 5 6
is_linear=0
shrinkage=0.05


Tree=71
num_leaves=15
num_cat=0
split_feature=2 2 2 2 20 1 18 20 15 2 1 1 2 2
split_gain=0.101726 0.0289475 0.0243305 0.00255623 0.00045488 0.000400098 0.000115681 0.000211963 0.00112309 6.2418e-05 4.77288e-05 5.4601e-05 1.49891e-05 1.1945e-05
threshold=10.500000000000002 3.5000000000000004 20.500000000000004 5.5000000000000009 8.5000000000000018 2.5000000000000004 86.000000000000014 8.5000000000000018 1.5000000000000002 7.5000000000000009 2.5000000000000004 1.5000000000000002 12.500000000000002 12.500000000000002
decision_type=2 2 2 2 2 2 2 2 2 2 2 2 2 2
left_child=1 -1 6 5 -5 -3 7 8 -2 -6 11 -11 -8 -9
right_child=2 3 -4 4 9 -7 12 13 -10 10 -12 -13 -14 -15
leaf_value=0.053265171628710688 -0.013810096157586594 0.01608683945882862 -0.051051756675278927 -0.000299096213508361 0.011217766023692628 0.025333559642147081 -0.010133254634584855 -0.011722214776011345 -0.051666994912745193 0.0087771541243737723 0.0098245588165560681 0.0043148728565497721 -0.012013264842751191 -0.013534677643498125
leaf_weight=0.059953723568469286 0.011966865509748459 0.018608604790642858 0.065886579308426008 0.013555000885389745 0.033713517710566521 0.031503787264227867 0.014128834009170532 0.012166859582066536 0.0023426682164426902 0.017820157110691071 0.03390071727335453 0.011141277616843581 0.042475237045437098 0.035952696111053228
leaf_count=9 2 3 117 4 3 2 2 2 7 2 3 2 6 6
internal_value=0.000666439 0.023627 -0.0266743 0.0125381 0.00827816 0.0218999 -0.013181 -0.0146652 -0.0200078 0.00948203 0.00855114 0.00706054 -0.011544 -0.0130764
internal_weight=0.405117 0.220197 0.18492 0.160243 0.110131 0.0501124 0.119033 0.0624291 0.0143095 0.0965757 0.0628622 0.0289614 0.0566041 0.0481196
internal_count=170 28 142 19 14 5 25 17 9 10 7 4 8 8
is_linear=0
shrinkage=0.05


Tree=72
num_leaves=15
num_cat=0
split_feature=20 3 3 3 1 3 1 1 11 3 16 16 3 5
split_gain=0.0477345 0.0109555 0.0113695 0.015173 0.0119748 0.00651002 0.0055169 0.00405199 0.00194223 0.00193826 0.00147844 0.00145945 0.00140081 0.00136374
threshold=8.5000000000000018 62.500000000000007 54.500000000000007 20.500000000000004 2.5000000000000004 56.000000000000007 2.5000000000000004 1.5000000000000002 1.0000000180025095e-35 38.500000000000007 2.5000000000000004 2.5000000000000004 36.500000000000007 1.0000000180025095e-35
decision_type=2 2 2 2 2 2 2 2 2 2 2 2 2 2
left_child=6 2 3 4 7 -4 8 -2 -1 11 -9 -5 -13 -8
right_child=1 -3 5 9 -6 -7 13 10 -10 -11 -12 12 -14 -15
leaf_value=-0.051030453973148905 -0.0064466855107060909 -0.0172866870551549 0.053277844906900018 -0.0036967855006907469 0.053157325941836288 0.01924039932070197 -0.051038766098888078 0.0097949849011438415 -0.019840859846439313 -0.030961253704143141 0.025882141616355936 -0.051149095426341988 -0.013667555099769569 -0.016442386096554327
leaf_weight=0.040366375644225627 0.025896815117448568 0.037419898842927068 0.019921043305657804 0.058586773870047182 0.019884021952748299 0.047647691128076985 0.0031701810366939745 0.030272744596004486 0.0056956565531436345 0.0099167641892563552 0.027037354186177254 0.0030260049970820537 0.014146422035992146 0.028067777544492856
leaf_count=68 4 16 3 23 2 6 6 3 8 10 2 6 4 10
internal_value=-0.00121379 0.00798569 0.011675 0.00537486 0.0182978 0.0292755 -0.0361737 0.00996741 -0.0471738 -0.0101749 0.0173845 -0.00745397 -0.0202723 -0.0199534
internal_weight=0.371056 0.293756 0.256336 0.188767 0.103091 0.0675687 0.0773 0.0832069 0.046062 0.085676 0.0573101 0.0757592 0.0171724 0.031238
internal_count=171 79 63 54 11 9 92 9 76 43 5 33 10 16
is_linear=0
shrinkage=0.05


Tree=73
num_leaves=15
num_cat=0
split_feature=2 2 2 2 16 1 1 16 3 17 2 2 3 2
split_gain=0.0867765 0.0224585 0.0167409 0.00401433 0.000408875 0.000978855 0.000134345 0.000136234 0.000871536 6.16186e-05 2.81298e-05 2.7861e-05 2.40919e-05 2.33771e-05
threshold=10.500000000000002 20.500000000000004 3.5000000000000004 5.5000000000000009 2.5000000000000004 1.5000000000000002 2.5000000000000004 2.5000000000000004 34.500000000000007 15.000000000000002 15.500000000000002 9.5000000000000018 59.000000000000007 8.5000000000000018
decision_type=2 2 2 2 2 2 2 2 2 2 2 2 2 2
left_child=2 6 -1 9 11 -6 7 8 -2 -4 -8 12 -5 -7
right_child=1 -3 3 4 5 13 10 -9 -10 -11 -12 -13 -14 -15
leaf_value=0.053007878101287036 -0.012737625451586895 -0.050997094238964952 0.022252129094400174 0.011091784007376529 0.0111613126024925 -0.012704195098959521 -0.011480725561594561 -0.014541403727880582 -0.051548175620597693 0.025823586540431143 -0.013432067976289902 0.0078585588549481937 0.0091318138013535138 -0.019189018067064346
leaf_weight=0.034623027604538947 0.0057248794473707667 0.063527899357723072 0.016954027116298676 0.030777416191995144 0.0087640509009361267 0.0037415140541270384 0.02668430469930172 0.017392844631103799 0.0019355996919330209 0.041983901523053646 0.05998754408210516 0.017933296039700508 0.031959841959178448 0.0022109929705038667
leaf_count=7 1 122 2 3 1 3 4 4 6 3 10 2 3 2
internal_value=-0.00191849 -0.0272604 0.0215866 0.0145372 0.00819834 0.000533997 -0.0137635 -0.0169883 -0.022544 0.0247962 -0.0128313 0.00959653 0.0100933 -0.0151129
internal_weight=0.364201 0.175253 0.188948 0.154325 0.0953871 0.0147166 0.111725 0.0250533 0.00766048 0.0589379 0.0866718 0.0806706 0.0627373 0.00595251
internal_count=173 147 26 19 14 6 25 11 7 5 14 8 6 5
is_linear=0
shrinkage=0.05


Tree=74
num_leaves=15
num_cat=0
split_feature=2 2 2 2 16 1 1 3 15 2 2 15 17 2
split_gain=0.0938635 0.0216712 0.020525 0.00351761 0.000189852 0.000714386 0.000124435 0.000119266 0.000118764 3.2276e-05 1.29912e-05 1.70362e-05 6.99525e-06 5.02888e-06
threshold=10.500000000000002 20.500000000000004 3.5000000000000004 5.5000000000000009 2.5000000000000004 1.5000000000000002 2.5000000000000004 34.500000000000007 3.5000000000000004 17.500000000000004 9.5000000000000018 3.5000000000000004 9.0000000000000018 12.500000000000002
decision_type=2 2 2 2 2 2 2 2 2 2 2 2 2 2
left_child=2 6 -1 8 10 -6 7 -2 -4 13 11 -5 -7 -8
right_child=1 -3 3 4 5 12 9 -9 -10 -11 -12 -13 -14 -15
leaf_value=0.053090013560042663 -0.012965524815597677 -0.050969739394827789 0.025648713873454611 0.0085835421373051373 0.010880499520808105 -0.01595325009599979 -0.011067046513911985 -0.020052769778656998 0.020950499335005261 -0.013919206025980319 0.0078165897159363073 0.010464156155547877 -0.011976336973053048 -0.012219020763655913
leaf_weight=0.046907110197935253 0.010916899424046278 0.06057535987929441 0.038761148229241371 0.027379009872674942 0.0084514515474438667 0.0021586756920441994 0.012658984865993261 0.013010773895075545 0.020599754294380546 0.034242426510900259 0.01730535039678216 0.021498252637684345 0.0022669119061902165 0.037652491591870785
leaf_count=7 2 123 3 3 1 2 2 9 3 6 2 2 2 6
internal_value=-7.0832e-05 -0.0270131 0.0245061 0.0148197 0.00791311 0.00235837 -0.0136359 -0.0168192 0.0240183 -0.0127351 0.00899388 0.00941071 -0.0139162 -0.0119292
internal_weight=0.354385 0.169057 0.185328 0.138421 0.0790597 0.012877 0.108482 0.0239277 0.0593609 0.0845539 0.0661826 0.0488773 0.00442559 0.0503115
internal_count=173 148 25 18 12 5 25 11 6 14 7 5 4 8
is_linear=0
shrinkage=0.05


Tree=75
num_leaves=15
num_cat=0
split_feature=2 2 2 2 16 1 1 16 3 2 2 2 2 1
split_gain=0.0859859 0.0201954 0.0190008 0.00391234 0.000315972 0.000756921 0.000136258 0.000163625 0.000943185 0.000106472 2.93611e-05 2.12146e-05 2.08742e-05 2.03524e-05
threshold=10.500000000000002 20.500000000000004 3.5000000000000004 5.5000000000000009 2.5000000000000004 1.5000000000000002 2.5000000000000004 2.5000000000000004 34.500000000000007 4.5000000000000009 17.500000000000004 8.5000000000000018 7.5000000000000009 2.5000000000000004
decision_type=2 2 2 2 2 2 2 2 2 2 2 2 2 2
left_child=2 6 -1 9 12 -6 7 8 -2 -4 -8 -7 -5 -14
right_child=1 -3 3 4 5 11 10 -9 -10 -11 -12 -13 13 -15
leaf_value=0.053024927150630924 -0.011859250495093517 -0.050936558702250806 0.027296584501944682 0.010047872205275712 0.010591242441486563 -0.011074496544180535 -0.012088834995109231 -0.014392729318271714 -0.051498482224330525 0.022878149110816291 -0.014024519410011893 -0.01752703258416425 0.0070459842633394517 0.0094546428487955747
leaf_weight=0.041424818162340671 0.005136331543326377 0.056510104855988175 0.026374508626759052 0.037937439046800137 0.0081480583176016808 0.0034374495735391983 0.048344600014388561 0.016047320910729468 0.0021200998453423381 0.028226348804309964 0.032937526237219572 0.0020238201832398772 0.016083460301160812 0.019287139177322388
leaf_count=7 1 120 2 4 1 3 8 4 7 3 6 2 2 2
internal_value=-0.000215029 -0.0268526 0.0232415 0.0145234 0.00793427 0.00093748 -0.0138396 -0.0172101 -0.0234406 0.0250124 -0.0128732 -0.0134657 0.00923319 0.0083594
internal_weight=0.344039 0.161096 0.182943 0.141518 0.0869174 0.0136093 0.104586 0.0233038 0.00725643 0.0546009 0.0812821 0.00546127 0.073308 0.0353706
internal_count=172 146 26 19 14 6 26 12 8 5 14 5 8 4
is_linear=0
shrinkage=0.05


Tree=76
num_leaves=15
num_cat=0
split_feature=2 2 2 2 16 1 1 2 3 20 1 2 15 2
split_gain=0.0839775 0.0202128 0.0182005 0.00339035 0.00027776 0.000686186 0.000112429 8.33881e-05 7.99725e-05 0.000289718 0.00082488 1.86715e-05 1.78686e-05 1.54634e-05
threshold=10.500000000000002 3.5000000000000004 20.500000000000004 5.5000000000000009 2.5000000000000004 1.5000000000000002 2.5000000000000004 4.5000000000000009 34.500000000000007 8.5000000000000018 2.5000000000000004 8.5000000000000018 3.5000000000000004 7.5000000000000009
decision_type=2 2 2 2 2 2 2 2 2 2 2 2 2 2
left_child=1 -1 8 6 12 -6 7 -3 -2 10 -10 -7 13 -5
right_child=2 3 -4 4 5 11 -8 -9 9 -11 -12 -13 -14 -15
leaf_value=0.052931133799433996 -0.012306842524885777 0.024227871392338549 -0.050907017519265144 0.0092872849270525196 0.010360041338735687 -0.010763715955270842 0.026265717962077301 0.018788475577197844 -0.051493632753859014 -0.013800615061794516 -0.013566123318723068 -0.016974487551630543 0.0099394672875760468 0.007108972648328828
leaf_weight=0.046432554809143767 0.043816754128783941 0.01552328304387629 0.049993271823041141 0.017135394737124443 0.0078642163425683975 0.0032705292105674752 0.026966306380927563 0.012902391143143177 0.0020337029563961542 0.04837757395580411 0.0048581450246274471 0.0019208532758057117 0.030153640545904636 0.015531894285231829
leaf_count=9 8 2 113 2 1 3 2 2 7 9 1 2 3 2
internal_value=0.00136158 0.0245776 -0.0263116 0.0145483 0.00768266 0.00104668 0.023953 0.0217589 -0.0139022 -0.015167 -0.0247581 -0.0130618 0.00906176 0.00825159
internal_weight=0.326781 0.177701 0.149079 0.131269 0.0758765 0.0130556 0.055392 0.0284257 0.0990862 0.0552694 0.00689185 0.00519138 0.0628209 0.0326673
internal_count=166 28 138 19 13 6 6 4 25 17 8 5 7 4
is_linear=0
shrinkage=0.05


Tree=77
num_leaves=15
num_cat=0
split_feature=2 2 2 2 20 1 2 1 3 17 2 2 2 2
split_gain=0.0684118 0.0183081 0.0133497 0.00344115 0.000190862 9.65142e-05 7.14162e-05 5.67921e-05 8.69226e-05 3.2545e-05 3.55887e-05 2.64337e-05 2.55258e-05 3.73664e-06
threshold=10.500000000000002 20.500000000000004 3.5000000000000004 5.5000000000000009 8.5000000000000018 2.5000000000000004 4.5000000000000009 2.5000000000000004 34.500000000000007 15.000000000000002 7.5000000000000009 16.500000000000004 9.5000000000000018 17.500000000000004
decision_type=2 2 2 2 2 2 2 2 2 2 2 2 2 2
left_child=2 7 -1 5 -5 6 -4 8 -2 10 -6 -9 -11 -13
right_child=1 -3 3 4 9 -7 -8 11 -10 12 -12 13 -14 -15
leaf_value=0.052789812075932502 -0.013251274856684842 -0.050886730557503403 0.02422661744198075 0.0015079721391570841 0.0089372246422602802 0.02614938697633571 0.019106892493562483 -0.012061558712751599 -0.019105441948232035 0.0099721839868434636 0.0045695475079167679 -0.01320351853136055 0.0075560799633433932 -0.014319544472324345
leaf_weight=0.026711909507866949 0.014534465968608856 0.050808335450710729 0.015000790823251009 0.010907225776463747 0.0096243667649105191 0.0260558957234025 0.012477043550461531 0.034072689712047577 0.011247655027545989 0.036699142772704363 0.0090490428265184164 0.010541439987719059 0.015569417737424374 0.025996959768235683
leaf_count=7 3 120 2 4 2 2 2 6 8 4 2 2 2 5
internal_value=-0.00192267 -0.0265988 0.0204862 0.0141125 0.00766565 0.0239692 0.0219019 -0.0137967 -0.0158052 0.00861238 0.00682067 -0.0130634 0.00925249 -0.0139976
internal_weight=0.309296 0.147202 0.162095 0.135383 0.0818492 0.0535337 0.0274778 0.0963932 0.0257821 0.070942 0.0186734 0.0706111 0.0522686 0.0365384
internal_count=171 144 27 20 14 6 4 24 11 10 4 13 6 7
is_linear=0
shrinkage=0.05


Tree=78
num_leaves=15
num_cat=0
split_feature=2 2 2 2 20 3 2 15 20 2 1 2 4 2
split_gain=0.0788929 0.0187223 0.0170635 0.00313547 0.000113055 0.000172582 0.000718964 9.33247e-05 9.04991e-05 3.24755e-05 4.46722e-05 2.65538e-05 1.34294e-05 5.3401e-06
threshold=10.500000000000002 3.5000000000000004 20.500000000000004 5.5000000000000009 8.5000000000000018 34.500000000000007 18.500000000000004 3.5000000000000004 8.5000000000000018 7.5000000000000009 2.5000000000000004 11.500000000000002 1.0000000180025095e-35 18.500000000000004
decision_type=2 2 2 2 2 2 2 2 2 2 2 2 2 2
left_child=1 -1 4 7 5 -2 -7 -3 -5 12 -11 -6 -10 -13
right_child=2 3 -4 8 11 6 -8 -9 9 10 -12 13 -14 -15
leaf_value=0.052810621991997042 -0.014028813872245844 0.025532659516236862 -0.050850616425791077 0.0036429389782498631 -0.011063116303522596 -0.051435031714771852 -0.01392428913267681 0.021072047684321724 0.011017139383803802 0.0057860148397565966 0.009162507882898482 -0.013612974631626737 0.0087475803353707186 -0.014682178087012788
leaf_weight=0.041880895121721551 0.010197209659963846 0.033806326799094677 0.047695604604086839 0.0097000447567552328 0.0098214359022676945 0.0017830326250987119 0.0045048692263662815 0.017953077098354697 0.016799022443592548 0.015446299046743661 0.02677896898239851 0.055115695111453533 0.010650260839611292 0.014817575458437204
leaf_count=9 2 3 119 3 2 7 1 3 2 3 3 11 2 3
internal_value=0.000953465 0.0237063 -0.0263962 0.0144111 -0.0142767 -0.0180461 -0.024561 0.0239855 0.00816776 0.00879771 0.00792736 -0.0134976 0.0101366 -0.0138395
internal_weight=0.31695 0.173015 0.143935 0.131134 0.0962398 0.0164851 0.0062879 0.0517594 0.0793746 0.0696746 0.0422253 0.0797547 0.0274493 0.0699333
internal_count=173 28 145 19 26 10 8 6 13 10 6 16 4 14
is_linear=0
shrinkage=0.05


Tree=79
num_leaves=15
num_cat=0
split_feature=0 3 3 3 1 18 1 3 3 15 16 16 16 3
split_gain=0.0322729 0.00646929 0.0159481 0.0145914 0.00841187 0.00449777 0.00277277 0.00265191 0.0016658 0.00110491 0.00107135 0.000941869 0.000462517 0.00156469
threshold=2.5000000000000004 62.500000000000007 54.500000000000007 20.500000000000004 2.5000000000000004 46.500000000000007 1.5000000000000002 56.000000000000007 48.500000000000007 3.5000000000000004 2.5000000000000004 2.5000000000000004 1.5000000000000002 33.500000000000007
decision_type=2 2 2 2 2 2 2 2 2 2 2 2 2 2
left_child=5 2 3 4 6 10 -2 -4 12 -3 -1 -8 13 -5
right_child=1 9 7 8 -6 -7 11 -9 -10 -11 -12 -13 -14 -15
leaf_value=-0.051306770679077809 -0.0023788278823639111 0.0045042482388763794 0.052765603625734403 -0.050763489754872521 0.052735059954607033 -0.050817726473031899 0.009413094385771063 0.027549458394792156 -0.0509252364488069 -0.016666379743409728 -0.0044576596707042657 0.025525652883725675 -0.019372623294163012 -0.008018049164022387
leaf_weight=0.0014346396783366808 0.026985569391399622 0.0079138151631923392 0.013823137443978339 0.0022383528412319711 0.013891095295548439 0.029719404483330436 0.015764606185257435 0.042433371796505526 0.0029021937516517929 0.027858902540174313 0.0081683095340849832 0.021357581950724125 0.017102269805036485 0.049150377628393471
leaf_count=6 5 3 3 7 2 70 2 6 8 13 7 2 11 22
internal_value=0.000799793 0.00764153 0.0110552 0.00251075 0.0174607 -0.0412053 0.00981731 0.0337455 -0.0138224 -0.0119829 -0.0114567 0.0186832 -0.0122503 -0.00987992
internal_weight=0.280744 0.241421 0.205649 0.149392 0.0779989 0.0393224 0.0641078 0.0562565 0.0713932 0.0357727 0.00960295 0.0371222 0.068491 0.0513887
internal_count=167 84 68 59 11 83 9 9 48 16 13 4 40 29
is_linear=0
shrinkage=0.05


Tree=80
num_leaves=15
num_cat=0
split_feature=2 2 2 2 20 3 2 3 17 1 2 2 2 17
split_gain=0.0714536 0.0172378 0.0149802 0.00278343 0.000101166 0.000232962 0.000692393 9.47053e-05 7.80688e-05 5.99923e-05 6.22892e-05 1.90107e-05 1.57972e-05 1.15091e-05
threshold=10.500000000000002 3.5000000000000004 20.500000000000004 5.5000000000000009 8.5000000000000018 34.500000000000007 18.500000000000004 37.500000000000007 49.000000000000007 2.5000000000000004 4.5000000000000009 11.500000000000002 9.5000000000000018 15.000000000000002
decision_type=2 2 2 2 2 2 2 2 2 2 2 2 2 2
left_child=1 -1 4 9 5 -2 -7 12 -9 10 -3 -6 -5 -13
right_child=2 3 -4 7 11 6 -8 8 -10 -11 -12 13 -14 -15
leaf_value=0.052750773544754853 -0.01327698966965815 0.02433377036891712 -0.050804881081762378 0.01036468634825214 -0.011578242115050258 -0.051298611296061142 -0.014608343944913406 0.0026629624188786857 0.0082061891712410309 0.025573037310042221 0.019315330777772706 -0.015371268943359717 0.0084096436543724968 -0.013671494223225078
leaf_weight=0.03769304565503262 0.0094772246666252613 0.013617086224257946 0.042884699418209493 0.038512022700160742 0.0091139692813158035 0.0018525331252021724 0.0042035640217363834 0.0098792723729275167 0.01778876967728138 0.023568199947476387 0.011326213949359953 0.012614318169653416 0.014121216256171465 0.047302819322794676
leaf_count=8 2 2 116 5 2 8 1 4 2 2 2 3 2 10
internal_value=0.0014432 0.0230105 -0.0267334 0.0143079 -0.0145261 -0.0181718 -0.0258317 0.0085952 0.0062269 0.0237642 0.022055 -0.0137057 0.00984016 -0.0140293
internal_weight=0.293955 0.166506 0.127449 0.128813 0.0845644 0.0155333 0.0060561 0.0803013 0.027668 0.0485115 0.0249433 0.0690311 0.0526332 0.0599171
internal_count=169 27 142 19 26 11 9 13 6 6 4 15 7 13
is_linear=0
shrinkage=0.05


Tree=81
num_leaves=15
num_cat=0
split_feature=2 2 2 2 16 3 20 15 17 17 2 2 2 3
split_gain=0.066394 0.0167223 0.0132694 0.0031396 0.000300602 0.000707186 0.000206525 0.000737782 7.42101e-05 1.55073e-05 1.43814e-05 1.14617e-05 1.70823e-05 1.20348e-05
threshold=10.500000000000002 3.5000000000000004 20.500000000000004 5.5000000000000009 2.5000000000000004 37.500000000000007 8.5000000000000018 1.5000000000000002 15.000000000000002 15.000000000000002 8.5000000000000018 7.5000000000000009 8.5000000000000018 59.000000000000007
decision_type=2 2 2 2 2 2 2 2 2 2 2 2 2 2
left_child=1 -1 6 8 11 -6 7 -2 -3 -8 -7 13 -13 -5
right_child=2 3 -4 4 5 10 9 -9 -10 -11 -12 12 -14 -15
leaf_value=0.05269287250434912 -0.015317854831382094 0.021234451401430036 -0.050784488513000658 0.010878163493498162 0.010392744813602989 -0.013414459314294342 -0.015411027888122623 -0.051233151592562969 0.025736547125907311 -0.013422327890464795 -0.019415166758354318 0.0073147172326084829 0.0094808835750097228 0.0089034619608558772
leaf_weight=0.035828848194796592 0.0082460460253059864 0.012773970840498805 0.039634372355067171 0.015242397785186768 0.0066895098425447941 0.0026785006048157811 0.012133162701502442 0.0017298831662628808 0.032292318530380726 0.051031113136559725 0.0015918795834295452 0.01561722019687295 0.021813612431287766 0.015625264961272478
leaf_count=8 2 2 112 2 1 3 3 8 3 11 2 2 3 2
internal_value=0.00190246 0.0225966 -0.0274857 0.0139232 0.00793179 0.000244996 -0.0148602 -0.0215458 0.0244604 -0.0138043 -0.0156514 0.0091653 0.0085771 0.00987857
internal_weight=0.272928 0.160154 0.112775 0.124325 0.0792584 0.0109599 0.0731402 0.00997593 0.0450663 0.0631643 0.00427038 0.0682985 0.0374308 0.0308677
internal_count=164 28 136 20 15 6 24 10 5 14 5 9 5 4
is_linear=0
shrinkage=0.05


Tree=82
num_leaves=15
num_cat=0
split_feature=2 2 2 2 16 1 1 2 16 17 2 2 2 2
split_gain=0.065742 0.015168 0.0134607 0.0029339 0.00026708 0.000649785 0.000114661 9.52624e-05 0.000491256 6.60927e-05 3.04706e-05 1.30689e-05 1.25621e-05 1.24568e-05
threshold=10.500000000000002 3.5000000000000004 20.500000000000004 5.5000000000000009 2.5000000000000004 1.5000000000000002 2.5000000000000004 12.500000000000002 2.5000000000000004 15.000000000000002 15.500000000000002 7.5000000000000009 8.5000000000000018 8.5000000000000018
decision_type=2 2 2 2 2 2 2 2 2 2 2 2 2 2
left_child=1 -1 6 9 11 -6 7 -2 -9 -3 -8 -5 -13 -7
right_child=2 3 -4 4 5 13 10 8 -10 -11 -12 12 -14 -15
leaf_value=0.052619423177670703 -0.015486728409304377 0.021368153934250126 -0.050763895089660317 0.010234492840529319 0.01015296852410099 -0.013234897988816413 -0.012362352539872777 -0.051132938355238224 -0.015590441039768105 0.025689882595939968 -0.014654974509725952 0.0074103228847799451 0.0092999102597478307 -0.018961924465348778
leaf_weight=0.034628410270670429 0.0082855198124889284 0.012341746361926198 0.039476114659919403 0.015813590493053198 0.0064608273096382618 0.0025495385634712875 0.023401306942105293 0.0012753122864523911 0.0040902807377278805 0.031238921917974949 0.038071374874562025 0.015095650684088469 0.021075602620840073 0.0015129086095839739
leaf_count=9 4 2 119 2 1 3 5 6 1 3 9 2 3 2
internal_value=0.000989983 0.0238865 -0.0271247 0.0145078 0.00756502 0.00030086 -0.0147027 -0.0188479 -0.0240383 0.024466 -0.0137822 0.0090355 0.00851131 -0.0153677
internal_weight=0.255317 0.140717 0.1146 0.106089 0.0625081 0.0105233 0.0751238 0.0136511 0.00536559 0.0435807 0.0614727 0.0519848 0.0361713 0.00406245
internal_count=171 27 144 18 13 6 25 11 7 5 14 7 5 5
is_linear=0
shrinkage=0.05


Tree=83
num_leaves=15
num_cat=0
split_feature=2 2 2 2 16 1 15 18 20 15 2 2 2 1
split_gain=0.0530937 0.0128428 0.0103566 0.00274998 0.000251464 0.000587047 6.06934e-05 5.76978e-05 0.000108313 0.000594502 1.47512e-05 1.1231e-05 1.07408e-05 1.17793e-05
threshold=10.500000000000002 20.500000000000004 3.5000000000000004 5.5000000000000009 2.5000000000000004 1.5000000000000002 3.5000000000000004 86.000000000000014 8.5000000000000018 1.5000000000000002 17.500000000000004 8.5000000000000018 7.5000000000000009 2.5000000000000004
decision_type=2 2 2 2 2 2 2 2 2 2 2 2 2 2
left_child=2 7 -1 6 12 -6 -4 8 9 -2 -9 -7 -5 -14
right_child=1 -3 3 4 5 11 -8 10 -10 -11 -12 -13 13 -15
leaf_value=0.052472200569331509 -0.01543081411565337 -0.050733148692552132 0.025181459563895944 0.0098858013991718601 0.0099099145827413835 -0.012790335078787841 0.021272802651587708 -0.012709921796822135 -0.014637049380766105 -0.051182835733944346 -0.015069435478385096 -0.01835733030922004 0.0072045038724568456 0.0091255185074222978
leaf_weight=0.020984893490094692 0.0076269831042736769 0.036978096220991574 0.028673933818936348 0.020683331415057182 0.0062395273707807064 0.0024374971399083734 0.01519474689848721 0.026988857891410589 0.030423010000959039 0.001371919468510896 0.0087786288931965828 0.0014419005601666868 0.012324316892772913 0.022637460380792618
leaf_count=7 2 116 3 3 1 3 3 6 8 7 2 2 2 3
internal_value=-0.00137614 -0.0266079 0.0202916 0.0141319 0.00766419 0.000413812 0.0238276 -0.0147431 -0.0160624 -0.0208814 -0.013289 -0.0148595 0.00898265 0.00844834
internal_weight=0.242785 0.112167 0.130618 0.109633 0.065764 0.0101189 0.0438687 0.0751894 0.0394219 0.0089989 0.0357675 0.0038794 0.0556451 0.0349618
internal_count=168 141 27 20 14 6 6 25 17 9 8 5 8 5
is_linear=0
shrinkage=0.05


Tree=84
num_leaves=15
num_cat=0
split_feature=2 2 2 2 16 1 1 18 20 15 2 2 2 15
split_gain=0.0587839 0.014146 0.0121504 0.00257064 0.000174374 0.000487864 5.50524e-05 5.39228e-05 0.000114258 0.000569462 5.23673e-05 1.98567e-05 1.6102e-05 1.19596e-05
threshold=10.500000000000002 3.5000000000000004 20.500000000000004 5.5000000000000009 2.5000000000000004 1.5000000000000002 2.5000000000000004 86.000000000000014 8.5000000000000018 1.5000000000000002 4.5000000000000009 17.500000000000004 7.5000000000000009 4.5000000000000009
decision_type=2 2 2 2 2 2 2 2 2 2 2 2 2 2
left_child=1 -1 7 6 12 -6 10 8 9 -2 -3 -9 -5 -7
right_child=2 3 -4 4 5 13 -8 11 -10 -11 -12 -13 -14 -15
leaf_value=0.052513572229873365 -0.015489711760510352 0.024342415235059148 -0.050707660989380232 0.01012643312055065 0.00968113540484874 -0.018373181200876491 0.025713023162963252 -0.012237116265896401 -0.014288682451166785 -0.051146423444902993 0.019415880573677144 -0.01473211391972703 0.0083775099190146248 -0.011991156693077149
leaf_weight=0.031349791592219844 0.0073388149030506611 0.011903507867828012 0.035185666900360957 0.021548263728618622 0.006029471755027771 0.0014632450765930116 0.020667407661676407 0.021573494654148817 0.025673985946923494 0.0013213665952207521 0.0098639207426458597 0.012650909367948771 0.033810860011726618 0.0014730772818438709
leaf_count=9 2 2 118 3 1 2 2 5 7 7 2 3 5 2
internal_value=0.00161919 0.0229837 -0.0268223 0.0143123 0.00801061 0.00154183 0.0238648 -0.0145639 -0.0159639 -0.0209302 0.02211 -0.0131594 0.00905827 -0.0151715
internal_weight=0.241854 0.13811 0.103744 0.10676 0.0643249 0.00896579 0.0424348 0.0685586 0.0343342 0.00866018 0.0217674 0.0342244 0.0553591 0.00293632
internal_count=170 28 142 19 13 5 6 24 16 9 4 8 8 4
is_linear=0
shrinkage=0.05


Tree=85
num_leaves=15
num_cat=0
split_feature=2 2 2 2 16 1 17 18 20 1 2 2 2 21
split_gain=0.0550117 0.0145958 0.0121692 0.00192118 0.000178804 0.000489492 0.000102795 6.05215e-05 0.000118975 0.000604596 1.40814e-05 1.3522e-05 8.12956e-06 7.5247e-06
threshold=10.500000000000002 3.5000000000000004 20.500000000000004 5.5000000000000009 2.5000000000000004 1.5000000000000002 15.000000000000002 86.000000000000014 8.5000000000000018 2.5000000000000004 16.500000000000004 6.5000000000000009 14.500000000000002 5.5000000000000009
decision_type=2 2 2 2 2 2 2 2 2 2 2 2 2 2
left_child=1 -1 7 6 11 -6 -3 8 9 -2 -9 -5 -10 -13
right_child=2 3 -4 4 5 -7 -8 10 12 -11 -12 13 -14 -15
leaf_value=0.05246163918458277 -0.051101163667998079 0.019589421934723454 -0.050687221301310814 0.010209028154780295 0.009403713694714556 -0.016050880163000162 0.02549246133343663 -0.012665026144732958 -0.013983766057205672 -0.015553738603093909 -0.014625912772847608 0.0073289694925056468 -0.015683140437109638 0.0088156688243910038
leaf_weight=0.029838081187335774 0.0014400151558220387 0.012685293680988252 0.035166396628483199 0.014250718988478184 0.005834460724145174 0.0027926666080020368 0.017617278732359409 0.020826911088079214 0.014218933181837201 0.0070635543670505285 0.016337274573743343 0.011355238500982523 0.013934605522081256 0.033979700412601233
leaf_count=9 8 3 122 2 1 4 2 5 4 2 4 2 4 5
internal_value=-0.00035716 0.0218246 -0.0264803 0.0125453 0.00789152 0.00116387 0.0230213 -0.0149489 -0.0163904 -0.0215734 -0.013527 0.00886559 -0.0148249 0.00844329
internal_weight=0.237341 0.128353 0.108988 0.0985154 0.0682128 0.00862713 0.0303026 0.0738213 0.0366571 0.00850357 0.0371642 0.0595857 0.0281535 0.0453349
internal_count=177 28 149 19 14 5 5 27 18 10 9 9 8 7
is_linear=0
shrinkage=0.05


Tree=86
num_leaves=15
num_cat=0
split_feature=0 3 3 3 1 18 3 3 1 3 16 15 17 16
split_gain=0.0218102 0.00416208 0.0117066 0.00798907 0.00702747 0.00342542 0.00263613 0.00157603 0.0011909 0.00113988 0.000928191 0.000871729 0.000836249 0.000998533
threshold=2.5000000000000004 62.500000000000007 54.500000000000007 20.500000000000004 2.5000000000000004 46.500000000000007 56.000000000000007 48.500000000000007 1.5000000000000002 33.500000000000007 2.5000000000000004 3.5000000000000004 6.5000000000000009 2.5000000000000004
decision_type=2 2 2 2 2 2 2 2 2 2 2 2 2 2
left_child=5 2 3 4 8 10 -4 9 -2 -5 -1 -3 -11 -14
right_child=1 11 6 7 -6 -7 -8 -9 -10 12 -12 -13 13 -15
leaf_value=-0.051014984232423899 -0.0028895987207002063 0.0043503094074995854 0.052388078381533726 -0.050620048456433843 0.052372052503106829 -0.050655601731324273 0.023471482516935926 -0.050754689575488843 0.013046116314335414 -0.015640008738224489 -0.0029453667135937345 -0.016970965783586426 -0.00032609103556356699 -0.025177442994441624
leaf_weight=0.0012042047455906859 0.020996077219024301 0.0061863070732215411 0.00979690405074507 0.0016887339588720343 0.0098698376677930355 0.021549000040977262 0.040314061538083479 0.0024798902013571924 0.026547821238636971 0.026402602670714259 0.0060474787605926394 0.02130010214750655 0.02917387340858113 0.0046921589819248757
leaf_count=7 5 3 3 7 2 71 7 9 4 13 6 13 14 6
internal_value=2.06853e-05 0.00589397 0.00878168 0.000415612 0.0139789 -0.0406526 0.0291248 -0.0116693 0.00600867 -0.0101049 -0.0109277 -0.0121722 -0.00896962 -0.00376926
internal_weight=0.228249 0.199448 0.171962 0.121851 0.0574137 0.0288007 0.050111 0.0644373 0.0475439 0.0619574 0.00725168 0.0274864 0.0602686 0.033866
internal_count=170 86 70 60 11 84 10 49 9 40 13 16 33 20
is_linear=0
shrinkage=0.05


Tree=87
num_leaves=15
num_cat=0
split_feature=2 2 2 2 1 16 3 15 16 2 2 3 16 3
split_gain=0.0545581 0.0116319 0.0102731 0.00230364 8.84679e-05 7.61194e-05 0.000435165 5.48832e-05 3.90802e-05 1.32912e-05 2.9239e-05 1.15937e-05 1.08581e-05 9.97299e-06
threshold=10.500000000000002 3.5000000000000004 20.500000000000004 5.5000000000000009 2.5000000000000004 2.5000000000000004 34.500000000000007 3.5000000000000004 1.5000000000000002 8.5000000000000018 7.5000000000000009 36.500000000000007 2.5000000000000004 62.500000000000007
decision_type=2 2 2 2 2 2 2 2 2 2 2 2 2 2
left_child=1 -1 4 7 5 6 -2 -3 9 10 -5 -6 -10 -13
right_child=2 3 -4 8 11 -7 -8 -9 12 -11 -12 13 -14 -15
leaf_value=0.052374142731054535 -0.01511986993101226 0.025595325793572182 -0.050651545610435958 0.0098239708128822489 -0.013506015606470179 -0.016414843081890115 -0.050967476721706997 0.021635590644041407 0.0072435044326163121 0.010068154567519808 0.0064243789345036981 -0.016804535139722677 0.0041747047841236033 -0.0144413854691659
leaf_weight=0.027333180536516011 0.003325564321130515 0.025373294949531555 0.032114321147673763 0.012466979213058949 0.022149812197312713 0.010195222814218141 0.0011357099283486605 0.01335757237393409 0.0050024823285639286 0.012962468434125185 0.012837775051593781 0.0063215140253305427 0.0068012644769623876 0.01519893785007298
leaf_count=9 1 3 122 2 6 4 7 3 1 2 2 2 3 4
internal_value=0.0011765 0.0238522 -0.0279413 0.0150732 -0.0154371 -0.0187984 -0.0242456 0.0242297 0.0079904 0.0087662 0.00809927 -0.014309 0.00547528 -0.0151355
internal_weight=0.206576 0.116135 0.0904411 0.0888018 0.0583268 0.0146565 0.00446127 0.0387309 0.050071 0.0382672 0.0253048 0.0436703 0.0118037 0.0215205
internal_count=171 25 146 16 24 12 8 6 10 6 4 12 4 6
is_linear=0
shrinkage=0.05


Tree=88
num_leaves=15
num_cat=0
split_feature=2 2 2 2 16 1 3 1 3 3 3 3 2 2
split_gain=0.0473014 0.0128553 0.0104927 0.00194833 0.000120733 0.000419545 9.27509e-05 7.21986e-05 6.02842e-05 1.13288e-05 1.12595e-05 1.11636e-05 6.64747e-06 5.9636e-06
threshold=10.500000000000002 3.5000000000000004 20.500000000000004 5.5000000000000009 2.5000000000000004 1.5000000000000002 56.000000000000007 2.5000000000000004 34.500000000000007 36.500000000000007 61.500000000000007 62.500000000000007 18.500000000000004 9.5000000000000018
decision_type=2 2 2 2 2 2 2 2 2 2 2 2 2 2
left_child=1 -1 7 6 10 -6 -3 8 -2 -9 13 -11 -13 -5
right_child=2 3 -4 4 5 -7 -8 9 -10 11 -12 12 -14 -15
leaf_value=0.05232507508034067 -0.015242312553779634 0.025913979476033213 -0.050633100517394128 0.0090881363301980895 0.0097460947658196094 -0.014821568109967265 0.020041882098035289 -0.013384372955306074 -0.021208336557969866 -0.016274808583771255 0.0070128676900146616 -0.013374923827933136 -0.015321450568193199 0.0077270095112170938
leaf_weight=0.026036655151983723 0.0095467364881187677 0.016096652019768953 0.029512216147850268 0.031078031286597252 0.0053272093646228313 0.0025790670188143849 0.011549840797670186 0.025074325501918793 0.0076090209331596262 0.0091990716755390167 0.012255142908543348 0.01114298403263092 0.0072331759147346011 0.010859191883355379
leaf_count=9 3 2 118 5 1 4 3 7 10 3 2 3 2 2
internal_value=-0.000322614 0.0213934 -0.0256386 0.0124196 0.00750399 0.001732 0.0234608 -0.0150714 -0.0178884 -0.0141535 0.00834609 -0.0148529 -0.0141411 0.00873569
internal_weight=0.215099 0.115782 0.0993175 0.0897451 0.0620986 0.00790628 0.0276465 0.0698053 0.0171558 0.0526496 0.0541924 0.0275752 0.0183762 0.0419372
internal_count=174 28 146 19 14 5 5 28 13 15 9 8 5 7
is_linear=0
shrinkage=0.05


Tree=89
num_leaves=15
num_cat=0
split_feature=2 2 2 2 3 17 3 1 3 15 3 15 2 2
split_gain=0.0462927 0.0102188 0.0100357 0.00261122 9.0912e-05 0.000106927 0.000337322 5.68358e-05 5.58586e-05 3.86687e-05 1.49704e-05 9.09931e-06 9.04612e-06 9.60996e-06
threshold=10.500000000000002 3.5000000000000004 20.500000000000004 5.5000000000000009 37.500000000000007 49.000000000000007 62.500000000000007 2.5000000000000004 34.500000000000007 3.5000000000000004 36.500000000000007 4.5000000000000009 9.5000000000000018 8.5000000000000018
decision_type=2 2 2 2 2 2 2 2 2 2 2 2 2 2
left_child=1 -1 7 9 12 6 11 8 -2 -3 -9 -6 13 -5
right_child=2 3 -4 4 5 -7 -8 10 -10 -11 -12 -13 -14 -15
leaf_value=0.052219459644590384 -0.01524280014588807 0.025578784859023984 -0.050611964728526561 0.0085390754120888753 -0.018518054205565484 0.0074850890160371138 0.0070977103883663245 -0.013566247698181273 -0.021094026754819264 0.02214799919117005 -0.01534950372658226 -0.012374807933941049 0.007573981873187358 0.010410034511180485
leaf_weight=0.02111181992222555 0.0091747157275676727 0.023754516150802374 0.029476509196683764 0.017109821084886789 0.0012023820308968416 0.013171785976737738 0.0053334888070821762 0.024143167771399021 0.0073436104285065076 0.012553647975437343 0.022963032126426697 0.0012087195063941181 0.010510433930903673 0.011460461653769016
leaf_count=8 3 3 123 3 2 2 1 7 10 3 7 2 2 2
internal_value=-0.000162877 0.0207153 -0.026494 0.0138091 0.00740429 0.00474385 8.16198e-05 -0.0153205 -0.0178441 0.0243926 -0.0144355 -0.0154384 0.00882818 0.00928958
internal_weight=0.210518 0.117417 0.093101 0.0963053 0.0599971 0.0209164 0.00774459 0.0636245 0.0165183 0.0363082 0.0471062 0.0024111 0.0390807 0.0285703
internal_count=178 28 150 20 14 7 5 27 13 6 14 4 7 5
is_linear=0
shrinkage=0.05


Tree=90
num_leaves=15
num_cat=0
split_feature=0 3 3 3 21 18 3 16 15 16 3 3 15 3
split_gain=0.01634 0.00507949 0.00502343 0.00858444 0.00469186 0.00287407 0.001282 0.000946148 0.000778943 0.000775762 0.000594794 0.000676442 0.000878817 0.000542331
threshold=2.5000000000000004 20.500000000000004 54.500000000000007 62.500000000000007 8.5000000000000018 46.500000000000007 15.500000000000002 2.5000000000000004 3.5000000000000004 2.5000000000000004 38.500000000000007 37.500000000000007 3.5000000000000004 48.500000000000007
decision_type=2 2 2 2 2 2 2 2 2 2 2 2 2 2
left_child=5 4 10 -4 6 9 -2 -8 -5 -1 11 12 -3 -12
right_child=1 2 3 8 -6 -7 7 -9 -10 -11 13 -13 -14 -15
leaf_value=-0.050912794994791746 -0.00085055998985168334 -0.017854054626679453 0.027374299655274499 0.0039427900807216037 0.052166864828338572 -0.050584101328905874 0.0085005305555381477 0.025819524387736284 -0.017542657554126331 -0.0037006273722895405 -0.017804450531520393 0.013490772202088726 -0.0043157924675336478 -0.050671817560905587
leaf_weight=0.0010380392559454768 0.0153552305418998 0.023996768417418934 0.030008577450644225 0.0054499840625794596 0.0081185330636799335 0.017101040022680536 0.016536924988031387 0.015074504539370537 0.018668963777599856 0.0053774809784954414 0.0060494255303638047 0.0029720146558247498 0.023951517970999703 0.0015836534148547798
leaf_count=7 4 18 7 3 2 68 3 2 15 7 4 7 14 7
internal_value=-0.000845672 0.00462565 -0.00145738 0.00952286 0.017069 -0.0398779 0.011002 0.0167594 -0.0126877 -0.0113396 -0.0116077 -0.00965655 -0.0110913 -0.0246235
internal_weight=0.191283 0.167766 0.112681 0.0541275 0.0550852 0.0235166 0.0469667 0.0316114 0.0241189 0.00641552 0.0585534 0.0509203 0.0479483 0.00763308
internal_count=168 86 75 25 11 82 9 5 18 14 50 39 32 11
is_linear=0
shrinkage=0.05


Tree=91
num_leaves=15
num_cat=0
split_feature=2 2 2 2 3 17 3 1 16 17 16 1 2 15
split_gain=0.042506 0.0105504 0.0086848 0.00253929 0.00014345 6.5091e-05 0.000315583 5.75554e-05 7.20053e-05 4.01155e-05 1.02329e-05 8.74236e-06 1.07085e-05 7.78056e-06
threshold=10.500000000000002 3.5000000000000004 20.500000000000004 5.5000000000000009 37.500000000000007 49.000000000000007 62.500000000000007 2.5000000000000004 2.5000000000000004 15.000000000000002 3.5000000000000004 2.5000000000000004 7.5000000000000009 4.5000000000000009
decision_type=2 2 2 2 2 2 2 2 2 2 2 2 2 2
left_child=1 -1 7 9 11 6 13 8 -2 -3 -9 12 -5 -6
right_child=2 3 -4 4 5 -7 -8 10 -10 -11 -12 -13 -14 -15
leaf_value=0.052274036597139729 -0.023982205967153711 0.021913337613185119 -0.050583134725326828 0.0097458575866233889 -0.018321480878680307 0.0060032168820126413 0.0070513348565540649 -0.014629965870468303 -0.015664420855424157 0.025834227121358955 -0.012505421876906012 0.010229162652178938 0.0076682605898615308 -0.012476391978285838
leaf_weight=0.022076825000112876 0.0037236527350614787 0.0090039982460439205 0.0255488166003488 0.010912355501204729 0.0011347406543791285 0.012371707707643509 0.0050211530178785324 0.034627024317160249 0.0086368836928158998 0.023680202662944794 0.0067769126035273066 0.011473860591650009 0.014369025826454163 0.001142630644608289
leaf_count=8 7 2 116 2 2 2 1 11 3 3 2 2 3 2
internal_value=0.00138254 0.0213303 -0.0265816 0.0136641 0.00724023 0.00379405 4.92969e-05 -0.0151761 -0.0181702 0.0247541 -0.0142822 0.00908452 0.00856503 -0.0153888
internal_weight=0.1905 0.111186 0.0793133 0.0891097 0.0564255 0.0196702 0.00729852 0.0537645 0.0123605 0.0326842 0.0414039 0.0367552 0.0252814 0.00227737
internal_count=166 27 139 19 14 7 5 23 10 5 13 7 5 4
is_linear=0
shrinkage=0.05


Tree=92
num_leaves=15
num_cat=0
split_feature=2 2 2 2 3 3 1 15 3 18 2 17 1 2
split_gain=0.0351946 0.00879746 0.00646014 0.00235423 0.000142894 0.000385102 5.71884e-05 3.26045e-05 3.25906e-05 1.07673e-05 1.02668e-05 1.02195e-05 7.24056e-06 1.00376e-05
threshold=10.500000000000002 20.500000000000004 3.5000000000000004 5.5000000000000009 37.500000000000007 59.000000000000007 2.5000000000000004 3.5000000000000004 34.500000000000007 86.000000000000014 8.5000000000000018 4.0000000000000009 2.5000000000000004 7.5000000000000009
decision_type=2 2 2 2 2 2 2 2 2 2 2 2 2 2
left_child=2 6 -1 7 12 10 8 -4 -2 11 -6 -8 13 -5
right_child=1 -3 3 4 5 -7 9 -9 -10 -11 -12 -13 -14 -15
leaf_value=0.052023551804152315 -0.015707316856690304 -0.050563416912810813 0.025061908409086127 0.0096199812254267013 -0.011331291592106767 0.0064591015450606278 -0.014247954165996441 0.021764760409307755 -0.020445421990925423 -0.013636557854941134 -0.017634309348933095 -0.017068499962510024 0.0099961090785753107 0.0075736882838487816
leaf_weight=0.012322381546255201 0.0082239226903766394 0.025229389546439052 0.021607810631394386 0.010537950322031975 0.001733073382638394 0.016832885332405567 0.0082442790735512972 0.011482244939543307 0.0064960828749462971 0.028904878068715334 0.0010300662834197283 0.0052607296966016301 0.011103511322289705 0.013894663657993078
leaf_count=7 3 120 3 2 3 3 3 3 9 9 2 2 2 3
internal_value=-0.00173903 -0.0259727 0.0181116 0.0133749 0.00704713 0.00361925 -0.0151131 0.0239178 -0.0177983 -0.0141811 -0.013681 -0.0153467 0.0089374 0.00845627
internal_weight=0.182904 0.0823593 0.100545 0.0882222 0.0551322 0.019596 0.0571299 0.0330901 0.01472 0.0424099 0.00276314 0.013505 0.0355361 0.0244326
internal_count=174 146 28 21 15 8 26 6 12 14 5 5 7 5
is_linear=0
shrinkage=0.05


Tree=93
num_leaves=15
num_cat=0
split_feature=2 2 2 2 3 3 1 2 1 3 15 15 2 2
split_gain=0.0370397 0.00923119 0.00848002 0.00188593 0.000115758 0.000339358 3.39538e-05 4.34979e-05 2.82314e-05 1.33525e-05 9.83533e-06 7.9838e-06 4.11958e-06 3.90762e-06
threshold=10.500000000000002 3.5000000000000004 20.500000000000004 5.5000000000000009 37.500000000000007 59.000000000000007 2.5000000000000004 4.5000000000000009 2.5000000000000004 34.500000000000007 1.5000000000000002 3.5000000000000004 8.5000000000000018 18.500000000000004
decision_type=2 2 2 2 2 2 2 2 2 2 2 2 2 2
left_child=1 -1 8 6 12 -6 7 -3 9 -2 -10 -12 -5 -13
right_child=2 3 -4 4 5 -7 -8 -9 10 -11 11 13 -14 -15
leaf_value=0.052173194874576979 -0.015715262212470393 0.024893573287341979 -0.050549836161157297 0.0083184716158935263 -0.012637895379522479 0.0065873911870366793 0.026445711853015658 0.019698812564527934 -0.012989324580375087 -0.018847708515878619 -0.016260407727860488 -0.014060504812538954 0.0095063789212156725 -0.015524647302355261
leaf_weight=0.018566639715572819 0.0079092057421803474 0.0089356277603656054 0.02432482330914354 0.014997054357081652 0.00267141856602393 0.016305885743349791 0.0085273906588554382 0.0073398187523707739 0.0089523952919989824 0.0059698585464502693 0.0077579899225383988 0.018530432833358645 0.01421735342592001 0.0060432399623095981
leaf_count=7 3 2 121 3 5 3 1 2 3 7 3 6 3 2
internal_value=-0.000984803 0.0206941 -0.0259565 0.0126872 0.00692153 0.00388106 0.0238899 0.0225509 -0.0151118 -0.0170626 -0.0144559 -0.014862 0.00889657 -0.0144206
internal_weight=0.171049 0.0915612 0.0794879 0.0729945 0.0481917 0.0189773 0.0248028 0.0162754 0.0551631 0.0138791 0.0412841 0.0323317 0.0292144 0.0245737
internal_count=171 26 145 19 14 8 5 4 24 10 14 11 6 8
is_linear=0
shrinkage=0.05


Tree=94
num_leaves=15
num_cat=0
split_feature=2 2 2 2 16 1 3 2 18 21 2 2 2 2
split_gain=0.0362377 0.00943704 0.00770452 0.00183603 8.90237e-05 0.000281827 3.52001e-05 2.29938e-05 2.16646e-05 2.93989e-05 3.2356e-05 8.52203e-06 6.20289e-06 3.95937e-06
threshold=10.500000000000002 3.5000000000000004 20.500000000000004 5.5000000000000009 2.5000000000000004 1.5000000000000002 56.000000000000007 8.5000000000000018 86.000000000000014 3.5000000000000004 16.500000000000004 7.5000000000000009 18.500000000000004 7.5000000000000009
decision_type=2 2 2 2 2 2 2 2 2 2 2 2 2 2
left_child=1 -1 8 6 7 -6 -3 11 9 -2 -11 -5 -10 -7
right_child=2 3 -4 4 5 13 -8 -9 12 10 -12 -13 -14 -15
leaf_value=0.052097382427065145 -0.014977136025657107 0.025674661915332554 -0.050531396475317514 0.0076241981673325215 0.0092288596538284955 -0.0092988540706387592 0.021824902374481151 0.0096604452790782641 -0.013780831657466859 -0.022942265483605322 -0.01633293077685858 0.0057558363585051885 -0.015625910897662101 -0.013259440218680058
leaf_weight=0.019934848460252397 0.015203102491796017 0.013275564182549715 0.022235525982978288 0.015098094940185547 0.0043816654942929736 0.00109287811210379 0.010742349550127983 0.01040586968883872 0.020921008195728064 0.0028966163226868957 0.0051333762385183945 0.010244477540254593 0.0058230175636708728 0.0014931938494555652
leaf_count=9 6 2 116 3 1 2 3 2 7 4 3 2 2 3
internal_value=0.000113543 0.0219101 -0.0260465 0.0128926 0.00667377 0.00150355 0.0239528 0.0076815 -0.0151528 -0.0162698 -0.0187171 0.00686893 -0.0141826 -0.0115857
internal_weight=0.158882 0.0866689 0.0722126 0.0667341 0.0427162 0.00696774 0.0240179 0.0357484 0.0499771 0.0232331 0.00802999 0.0253426 0.026744 0.00258607
internal_count=165 27 138 18 13 6 5 7 22 13 7 5 9 5
is_linear=0
shrinkage=0.05


Tree=95
num_leaves=15
num_cat=0
split_feature=2 2 2 2 16 1 1 1 2 16 2 2 2 2
split_gain=0.0360918 0.00928775 0.00778755 0.00184997 7.77911e-05 0.000244507 3.86439e-05 3.24869e-05 3.68956e-05 1.63571e-05 2.95075e-05 1.64229e-05 1.0053e-05 7.08861e-06
threshold=10.500000000000002 3.5000000000000004 20.500000000000004 5.5000000000000009 2.5000000000000004 1.5000000000000002 2.5000000000000004 2.5000000000000004 4.5000000000000009 2.5000000000000004 11.500000000000002 13.500000000000002 8.5000000000000018 7.5000000000000009
decision_type=2 2 2 2 2 2 2 2 2 2 2 2 2 2
left_child=1 -1 6 7 12 -6 9 8 -3 10 -2 -11 13 -5
right_child=2 3 -4 4 5 -7 -8 -9 -10 11 -12 -13 -14 -15
leaf_value=0.052052188523339586 -0.015871875547356744 0.024878754049760355 -0.050516387458876703 0.0076111529739384901 0.0090143898961712876 -0.010693891259197725 -0.014794563618447271 0.026581704436799098 0.019935140932505546 -0.019545954687208468 -0.023186628501640768 -0.014673928919410712 0.0085928431619014846 0.0058798257219071755
leaf_weight=0.019006613292731345 0.002465928286255803 0.0083705352153629065 0.022614711575442925 0.014621226582676172 0.0042388993315398684 0.0025030148972291499 0.040717358468100429 0.0080154193565249443 0.0068733255611732611 0.0026752593403216451 0.003127068375761155 0.0048938579857349396 0.013928083470091224 0.0099254967644810677
leaf_count=9 2 2 124 3 1 5 15 1 2 2 6 2 3 2
internal_value=-0.00080571 0.0211292 -0.0258916 0.012546 0.00665175 0.00169746 -0.0155559 0.0240047 0.0226497 -0.0179111 -0.0199616 -0.0163959 0.00751989 0.00691109
internal_weight=0.163977 0.0874826 0.0764942 0.068476 0.0452167 0.00674191 0.0538795 0.0232593 0.0152439 0.0131621 0.005593 0.00756912 0.0384748 0.0245467
internal_count=179 28 151 19 14 6 27 5 4 12 8 4 8 5
is_linear=0
shrinkage=0.05


Tree=96
num_leaves=15
num_cat=0
split_feature=2 2 2 2 20 1 15 3 3 1 2 2 18 15
split_gain=0.0324471 0.00696523 0.00682272 0.00211345 5.35335e-05 5.05989e-05 2.85951e-05 2.25275e-05 1.6365e-05 1.06339e-05 6.99573e-06 5.52137e-06 4.45679e-06 1.07041e-06
threshold=10.500000000000002 20.500000000000004 3.5000000000000004 5.5000000000000009 8.5000000000000018 2.5000000000000004 3.5000000000000004 34.500000000000007 37.500000000000007 2.5000000000000004 18.500000000000004 7.5000000000000009 86.000000000000014 3.5000000000000004
decision_type=2 2 2 2 2 2 2 2 2 2 2 2 2 2
left_child=2 5 -1 6 -5 7 -4 -2 9 -6 12 -10 -7 -14
right_child=1 -3 3 4 8 10 -8 -9 11 -11 -12 -13 13 -15
leaf_value=0.051983347433911788 -0.016320150060162335 -0.050501152505653006 0.025200166723258491 0.0021619748389460356 0.0072666866084777687 -0.015552892680863586 0.02190366420111842 -0.020977267894337973 0.006860238416262922 0.0093419112112297677 -0.01603440616165255 0.0046676566761592294 -0.013507094394860863 -0.014325478883917168
leaf_weight=0.013773524260614067 0.0047821307089179754 0.020872031564067584 0.019015434198081493 0.0057268665404990307 0.016800073208287358 0.0070926726330071679 0.010058133630082011 0.0056819465971784666 0.0057762169744819403 0.0097589357756078243 0.0099609950557351112 0.0057092789502348751 0.005624988814815878 0.013792786048725247
leaf_count=6 2 120 3 4 4 3 3 9 2 2 4 2 2 5
internal_value=-0.000566574 -0.0264704 0.0197117 0.0136098 0.00666885 -0.015784 0.0240597 -0.0188489 0.00734727 0.00802921 -0.0149047 0.00577034 -0.0144802 -0.0140884
internal_weight=0.154426 0.0678076 0.0866185 0.0728449 0.0437714 0.0469355 0.0290736 0.0104641 0.0380445 0.026559 0.0364714 0.0114855 0.0265104 0.0194178
internal_count=171 145 26 20 14 25 6 11 10 6 14 4 10 7
is_linear=0
shrinkage=0.05


Tree=97
num_leaves=15
num_cat=0
split_feature=0 3 3 3 1 18 1 3 16 15 18 3 20 16
split_gain=0.0107202 0.00358478 0.00607733 0.0054474 0.00359403 0.00277015 0.00164038 0.000806961 0.00076997 0.000699632 0.000520736 0.000565947 0.000268815 0.000194637
threshold=2.5000000000000004 20.500000000000004 54.500000000000007 62.500000000000007 2.5000000000000004 46.500000000000007 1.5000000000000002 34.500000000000007 2.5000000000000004 3.5000000000000004 86.000000000000014 48.500000000000007 7.0000000000000009 2.5000000000000004
decision_type=2 2 2 2 2 2 2 2 2 2 2 2 2 2
left_child=5 4 7 -4 6 12 13 -3 -8 -5 11 -9 -1 -2
right_child=1 2 3 9 -6 -7 8 10 -10 -11 -12 -13 -14 -15
leaf_value=-0.029951667370307231 -0.01470206923483432 -0.010709005496573399 0.02320660618508838 0.0041521009683629278 0.051885387136977726 -0.050460344738499065 0.0082671785538150737 -0.01851226530330229 0.025754909172193037 -0.019265120204594966 -0.050474871096079593 -0.05054582256060243 -0.0011435491534527338 -0.0010433120612586869
leaf_weight=0.0010090299401781513 0.0044453791342675686 0.02382779837353155 0.02902773444657214 0.0043629092688206575 0.0058602523058652869 0.012635844104806893 0.013158915564417839 0.012651359829760622 0.012065625283867121 0.011860699945827946 0.0018107894866261623 0.0015474647661903882 0.0041007083782460541 0.006311098113656044
leaf_count=5 2 14 9 3 2 70 3 15 2 15 12 9 6 2
internal_value=-0.00149718 0.00359186 -0.00230044 0.0102373 0.0155745 -0.0378979 0.00966052 -0.0165421 0.0166321 -0.0129677 -0.0252238 -0.0220035 -0.00683234 -0.00668813
internal_weight=0.144676 0.12693 0.0850888 0.0452513 0.0418413 0.0177456 0.035981 0.0398374 0.0252245 0.0162236 0.0160096 0.0141988 0.00510974 0.0107565
internal_count=169 88 77 27 11 81 9 50 5 18 36 24 11 4
is_linear=0
shrinkage=0.05


Tree=98
num_leaves=15
num_cat=0
split_feature=0 3 3 3 1 18 3 15 16 17 15 4 16 20
split_gain=0.0125988 0.00270081 0.00624886 0.00439999 0.00171562 0.00166185 0.000915873 0.000593453 0.000405429 0.000461898 0.00088868 0.00167481 0.000381922 0.000246478
threshold=2.5000000000000004 54.500000000000007 62.500000000000007 20.500000000000004 1.5000000000000002 46.500000000000007 48.500000000000007 3.5000000000000004 1.5000000000000002 6.5000000000000009 3.5000000000000004 1.0000000180025095e-35 2.5000000000000004 7.0000000000000009
decision_type=2 2 2 2 2 2 2 2 2 2 2 2 2 2
left_child=5 3 -3 4 -2 13 8 -4 9 -5 -11 -12 -6 -1
right_child=1 2 7 6 12 -7 -8 -9 -10 10 11 -13 -14 -15
leaf_value=-0.033262024668535874 -0.0031422388888140136 0.026286630015302199 0.0038780587057180207 -0.015739906133113799 0.013125471721221429 -0.050449065781751283 -0.050528441878832014 -0.017971853384812046 -0.018768181743094789 0.030554338626118199 -0.050464680869853555 -0.0013475989018606168 0.025281611298803366 -0.0065135464276309674
leaf_weight=0.0012081842796760603 0.01396592753008008 0.032627450324071106 0.0042596058774506665 0.011380369134712964 0.014438046375289559 0.012710264811175875 0.0014780052151763803 0.011490713222883642 0.011026626059901901 0.0017822579393396145 0.0019337996054673559 0.016930789221078157 0.011695219203829765 0.0029990517214173451
leaf_count=7 5 9 3 8 4 73 9 14 13 4 13 5 2 6
internal_value=-0.000791567 0.00437765 0.0138013 -0.0010092 0.0110051 -0.041433 -0.0118276 -0.0120626 -0.0104991 -0.00765208 -0.00319413 -0.00638257 0.0185656 -0.0141949
internal_weight=0.149926 0.133009 0.0483778 0.084631 0.0400992 0.0169175 0.0445318 0.0157503 0.0430538 0.0320272 0.0206468 0.0188646 0.0261333 0.00420724
internal_count=175 89 26 63 11 86 52 17 43 30 22 18 6 13
is_linear=0
shrinkage=0.05


Tree=99
num_leaves=15
num_cat=0
split_feature=20 1 3 3 3 1 3 3 16 1 16 16 1 3
split_gain=0.00778943 0.00558549 0.00346485 0.00460707 0.00371928 0.00362857 0.00236875 0.00140762 0.00122848 0.0012118 0.000669712 0.000600223 0.000404111 0.000343284
threshold=8.5000000000000018 2.5000000000000004 62.500000000000007 54.500000000000007 20.500000000000004 2.5000000000000004 61.500000000000007 56.000000000000007 2.5000000000000004 1.5000000000000002 2.5000000000000004 1.5000000000000002 2.5000000000000004 62.500000000000007
decision_type=2 2 2 2 2 2 2 2 2 2 2 2 2 2
left_child=1 8 3 4 5 9 -3 -5 -1 -2 -11 -6 -13 -8
right_child=2 6 -4 7 11 -7 13 -9 -10 10 -12 12 -14 -15
leaf_value=-0.050462920917461108 -0.0031347307848462618 -0.018849312060352341 -0.018163512352650176 0.051949287930770582 -0.0056199874297089307 0.051890241438130924 0.022423399435324821 0.023509180326341486 -0.015440036785443065 0.0075271448447340461 0.02425787739626524 -0.016560837776853281 -0.050555918794286905 0.0037666170783765586
leaf_weight=0.011327139545755927 0.013617430347949266 0.010660290798114147 0.011215426435228437 0.0058286607963964334 0.024852660659234971 0.0056083985837176433 0.0060656950809061527 0.017158513888716698 0.0032143418648047381 0.012483497150242329 0.011483556590974331 0.0033773124741856 0.0011795016180258244 0.0041541785976733081
leaf_count=69 5 13 15 3 27 2 1 6 10 3 2 5 8 3
internal_value=0.00138926 -0.0189293 0.00812788 0.0112126 0.0050361 0.0143743 -0.00236006 0.0307205 -0.0427212 0.00877609 0.0155435 -0.00867862 -0.0253602 0.0148398
internal_weight=0.142227 0.0354216 0.106805 0.0955895 0.0726024 0.0431929 0.0208802 0.0229872 0.0145415 0.0375845 0.0239671 0.0294095 0.00455681 0.0102199
internal_count=172 96 76 61 52 12 17 9 79 10 5 40 13 4
is_linear=0
shrinkage=0.05


Tree=100
num_leaves=15
num_cat=0
split_feature=2 2 2 2 3 3 3 18 21 2 2 2 2 2
split_gain=0.0257978 0.0068923 0.00590826 0.001198 0.000210228 0.000164731 5.52669e-05 4.36731e-05 9.11694e-05 5.68905e-05 2.38224e-05 1.05187e-05 9.54026e-06 9.45913e-06
threshold=10.500000000000002 3.5000000000000004 20.500000000000004 5.5000000000000009 37.500000000000007 59.000000000000007 56.000000000000007 86.000000000000014 3.5000000000000004 18.500000000000004 8.5000000000000018 9.5000000000000018 13.500000000000002 13.500000000000002
decision_type=2 2 2 2 2 2 2 2 2 2 2 2 2 2
left_child=1 -1 7 6 10 -6 -3 8 12 -10 -5 -12 -2 -9
right_child=2 3 -4 4 5 -7 -8 13 9 -11 11 -13 -14 -15
leaf_value=0.052017674436684307 -0.017182888082672793 0.023995355883515347 -0.050452261279321037 0.0076275721632438126 -0.010600454803802012 0.004138512991253741 0.01854998342771292 -0.016011050889170399 -0.02814111559175635 -0.017091963695618245 0.011799004438827823 0.0092211255482725751 -0.014593886431368219 -0.013851825949376801
leaf_weight=0.012467867432860658 0.0062420221511274585 0.011162054259330034 0.017307918766164221 0.012178953737020493 0.0022142723028082409 0.013178627006709576 0.007998674176633358 0.0072407664265483609 0.0028597676355275317 0.0019658030942082405 0.0082855019718408585 0.0075746830552816382 0.0082758853677660227 0.016935787629336119
leaf_count=8 3 2 116 3 5 3 3 3 8 1 2 2 4 7
internal_value=-0.00154188 0.0180698 -0.0257424 0.0113078 0.00671328 0.00201831 0.0217222 -0.0159153 -0.0176861 -0.02364 0.00929071 0.0105678 -0.015707 -0.0144985
internal_weight=0.135889 0.0750606 0.060828 0.0625928 0.043432 0.0153929 0.0191607 0.04352 0.0193435 0.00482557 0.0280391 0.0158602 0.0145179 0.0241766
internal_count=170 28 142 20 15 8 5 26 16 9 7 4 7 10
is_linear=0
shrinkage=0.05


Tree=101
num_leaves=15
num_cat=0
split_feature=2 2 2 2 3 3 1 17 1 15 3 2 2 2
split_gain=0.0287191 0.00762158 0.00560173 0.00174173 0.000177257 0.000151644 5.35125e-05 4.41486e-05 1.93326e-05 7.95505e-06 9.58911e-06 6.43953e-06 5.55348e-06 4.36777e-06
threshold=10.500000000000002 3.5000000000000004 20.500000000000004 5.5000000000000009 37.500000000000007 59.000000000000007 2.5000000000000004 15.000000000000002 2.5000000000000004 1.5000000000000002 62.500000000000007 13.500000000000002 12.500000000000002 14.500000000000002
decision_type=2 2 2 2 2 2 2 2 2 2 2 2 2 2
left_child=1 -1 6 7 8 -6 11 -3 -5 -8 12 -2 -11 -13
right_child=2 3 -4 4 5 -7 9 -9 -10 10 -12 13 -14 -15
leaf_value=0.051956724499099383 -0.0207985917839686 0.019950711133156492 -0.050442968684883231 0.0081010523684781812 -0.01008653418972966 0.0042854273622368478 -0.013546734461795324 0.024686338791565079 0.01097411109312707 -0.015021703961506878 -0.014440330196270681 -0.016457295961819458 -0.017192867932158875 -0.019599380189696546
leaf_weight=0.015248515031998977 0.0044636257080128416 0.0068206031573936335 0.016774078816524707 0.01859932066872716 0.0021427561587188402 0.012796204071491957 0.0067748967558145514 0.017676087561994791 0.0085453083738684654 0.0045644445344805726 0.011600681580603123 0.0021045333342044614 0.0083024293417111039 0.002331136776774656
leaf_count=8 5 2 117 5 5 3 3 3 2 2 5 2 4 4
internal_value=0.00109895 0.0200708 -0.0261772 0.0127682 0.00659819 0.002224 -0.0160373 0.0233678 0.00900551 -0.015063 -0.0154828 -0.0194578 -0.0164227 -0.0181086
internal_weight=0.138745 0.0818288 0.0569158 0.0665803 0.0420836 0.014939 0.0401417 0.0244967 0.0271446 0.0312425 0.0244676 0.0088993 0.0128669 0.00443567
internal_count=170 28 142 20 15 8 25 5 7 14 11 11 6 6
is_linear=0
shrinkage=0.05


Tree=102
num_leaves=15
num_cat=0
split_feature=2 2 2 2 3 3 1 3 17 3 2 18 3 2
split_gain=0.0278236 0.00704673 0.00541078 0.00164806 0.000120853 0.00013636 4.0172e-05 2.96475e-05 2.52007e-05 4.38549e-05 1.63659e-05 4.98105e-06 5.79122e-06 3.50296e-06
threshold=10.500000000000002 3.5000000000000004 20.500000000000004 5.5000000000000009 37.500000000000007 59.000000000000007 2.5000000000000004 34.500000000000007 49.000000000000007 56.000000000000007 8.5000000000000018 86.000000000000014 36.500000000000007 18.500000000000004
decision_type=2 2 2 2 2 2 2 2 2 2 2 2 2 2
left_child=1 -1 6 8 10 -6 7 -2 9 -3 -5 12 -8 -13
right_child=2 3 -4 4 5 -7 11 -9 -10 -11 -12 13 -14 -15
leaf_value=0.051898479380914214 -0.015546914801963749 0.024136132074619381 -0.050430067596669126 0.0074144655722131695 -0.0093117455671317892 0.004518832344120937 -0.014673586791495698 -0.021481361539934737 0.025652564412483977 0.019129609201946625 0.010428519851294379 -0.014178235749971776 -0.017417505238051332 -0.015772268320740784
leaf_weight=0.014772007722058333 0.0037698748055845499 0.010491358581930399 0.016422775028331671 0.011393755441531539 0.0020810584246646622 0.012407793896272779 0.00391364877577871 0.0047643678408348933 0.0066418331116437903 0.007501679298002272 0.007447801297530531 0.015769438119605184 0.0037804571911692619 0.0044104554690420619
leaf_count=9 2 2 120 3 5 3 2 10 1 3 2 7 2 2
internal_value=0.0010115 0.0210702 -0.0266051 0.0132138 0.00596568 0.00253232 -0.0158583 -0.0188599 0.0230204 0.0220488 0.00860588 -0.0149393 -0.0160218 -0.0145266
internal_weight=0.125568 0.0727373 0.052831 0.0579653 0.0333304 0.0144889 0.0364082 0.00853424 0.0246349 0.017993 0.0188416 0.027874 0.00769411 0.0201799
internal_count=173 28 145 19 13 8 25 12 6 5 5 13 4 9
is_linear=0
shrinkage=0.05


Tree=103
num_leaves=15
num_cat=0
split_feature=2 2 2 2 3 3 1 1 2 16 2 2 1 3
split_gain=0.0254699 0.00636859 0.00521237 0.00130625 0.000131975 0.000124392 3.98685e-05 2.50055e-05 2.83629e-05 2.36883e-05 3.16678e-05 2.90054e-05 6.72621e-06 5.42377e-06
threshold=10.500000000000002 3.5000000000000004 20.500000000000004 5.5000000000000009 37.500000000000007 59.000000000000007 2.5000000000000004 2.5000000000000004 4.5000000000000009 2.5000000000000004 11.500000000000002 13.500000000000002 2.5000000000000004 62.500000000000007
decision_type=2 2 2 2 2 2 2 2 2 2 2 2 2 2
left_child=1 -1 6 7 12 -6 9 8 -3 10 -2 -11 -5 -8
right_child=2 3 -4 4 5 -7 13 -9 -10 11 -12 -13 -14 -15
leaf_value=0.051819672008042605 -0.016792335843342273 0.02396101606810486 -0.050412802332329122 0.0084051052532897411 -0.0086637066480311394 0.0047411885227025136 -0.015772680545479423 0.025623649892132106 0.019084562651460371 -0.021594778195803244 -0.025377423212835981 -0.014203818169724412 0.010326952986113254 -0.014276890248801372
leaf_weight=0.012888904035207815 0.0018678467240533791 0.0066156827379018068 0.015684599617088679 0.010513904970139265 0.0020213347452227035 0.012033618520945311 0.020083918934687972 0.0064357439987361422 0.0054286062368191779 0.0020709093805635348 0.0025278913162765093 0.0036975801922380924 0.0080297994427382946 0.008679424412548542
leaf_count=8 2 2 120 3 5 3 10 1 2 2 7 2 2 4
internal_value=-0.000998418 0.0204129 -0.0260776 0.0124879 0.00646761 0.00281334 -0.0162725 0.0231076 0.0217631 -0.0189643 -0.0217294 -0.0168572 0.0092373 -0.0153213
internal_weight=0.11858 0.0639676 0.0546122 0.0510787 0.0325987 0.014055 0.0389276 0.01848 0.0120443 0.0101642 0.00439574 0.00576849 0.0185437 0.0287633
internal_count=173 26 147 18 13 8 27 5 4 13 9 4 5 14
is_linear=0
shrinkage=0.05


Tree=104
num_leaves=15
num_cat=0
split_feature=2 2 2 2 3 1 17 3 17 17 2 2 16 2
split_gain=0.0264377 0.00631651 0.00483364 0.00150453 7.42604e-05 3.01887e-05 0.000229341 2.39506e-05 1.90661e-05 4.26313e-05 1.87485e-05 1.60311e-05 6.02519e-06 5.27788e-06
threshold=9.5000000000000018 3.5000000000000004 20.500000000000004 5.5000000000000009 37.500000000000007 2.5000000000000004 15.000000000000002 62.500000000000007 49.000000000000007 15.000000000000002 8.5000000000000018 6.5000000000000009 3.5000000000000004 13.500000000000002
decision_type=2 2 2 2 2 2 2 2 2 2 2 2 2 2
left_child=1 -1 5 8 10 6 -2 11 9 -3 -5 -6 -7 -8
right_child=2 3 -4 4 7 12 13 -9 -10 -11 -12 -13 -14 -15
leaf_value=0.051818337384637092 -0.039891053597474802 0.019385305764664448 -0.050400326217707771 0.0071765730272625519 0.0045206658171096691 -0.016002062937717731 -0.017156187623278772 0.0072042274996557219 0.025596916700679113 0.024478972867429574 0.010464544939069656 0.00047868184094767755 -0.013946490276963215 -0.014435731319639001
leaf_weight=0.013468611039570533 0.0011462339098216034 0.0070277605555020264 0.015176190121565014 0.01068814005702734 0.0045358958304859698 0.021708134561777115 0.0035641004797071218 0.0033922339789569387 0.0062365974299609652 0.0098865311592817307 0.0072946690488606683 0.0053423463541548699 0.0042653263080865136 0.0035673198290169239
leaf_count=9 8 3 121 3 2 11 2 1 1 2 2 4 2 2
internal_value=0.00090565 0.0211623 -0.0269105 0.013573 0.00641662 -0.0165025 -0.019132 0.00357945 0.0232339 0.0223626 0.00851033 0.00233468 -0.0156645 -0.0157953
internal_weight=0.1173 0.0678728 0.0494273 0.0544042 0.0312533 0.0342511 0.00827765 0.0132705 0.0231509 0.0169143 0.0179828 0.00987824 0.0259735 0.00713142
internal_count=173 27 146 18 12 25 12 7 6 5 5 6 13 4
is_linear=0
shrinkage=0.05


Tree=105
num_leaves=15
num_cat=0
split_feature=2 2 2 2 3 3 1 16 2 1 2 2 1 2
split_gain=0.0229941 0.00615636 0.00444896 0.00107932 8.05185e-05 3.77713e-05 3.67086e-05 3.93365e-05 2.90078e-05 1.74735e-05 4.66258e-06 6.1815e-06 3.91408e-06 1.18159e-06
threshold=10.500000000000002 3.5000000000000004 20.500000000000004 5.5000000000000009 37.500000000000007 56.000000000000007 2.5000000000000004 2.5000000000000004 7.5000000000000009 2.5000000000000004 18.500000000000004 13.500000000000002 1.5000000000000002 16.500000000000004
decision_type=2 2 2 2 2 2 2 2 2 2 2 2 2 2
left_child=1 -1 6 5 9 -3 7 -2 -6 12 11 -8 -5 -13
right_child=2 3 -4 4 8 -7 10 -9 -10 -11 -12 13 -14 -15
leaf_value=0.051745107702168808 -0.025184688262907279 0.024441743632421513 -0.050390711957906648 0.0087815911515127364 0.0057096918247457424 0.019566030963194592 -0.016562965927198282 -0.016827626793080596 0.00084414946349646775 0.010674166408711154 -0.016812483317362195 -0.01411052810623045 0.0071782842828716402 -0.015207800570589415
leaf_weight=0.011741229900508188 0.0023546792581328182 0.0095631098374724388 0.014606514603656251 0.0060184048488736144 0.0076815798820462078 0.006794207962229847 0.0060381925432011476 0.0035026487894356251 0.0050952431629411876 0.0075563075952231875 0.0073297617491334668 0.0061789904721081257 0.010357820428907871 0.0040691581089049578
leaf_count=8 7 2 122 2 3 3 3 2 4 2 4 3 3 2
internal_value=3.35847e-05 0.018983 -0.0278265 0.0117342 0.00697426 0.0224166 -0.016644 -0.0201872 0.00376937 0.00868524 -0.0157652 -0.0152939 0.00776751 -0.0145462
internal_weight=0.108888 0.0648079 0.0440799 0.0530667 0.0367094 0.0163573 0.0294734 0.00585733 0.0127768 0.0239325 0.0236161 0.0162863 0.0163762 0.0102481
internal_count=170 27 143 19 14 5 21 9 7 7 12 8 5 5
is_linear=0
shrinkage=0.05


Tree=106
num_leaves=15
num_cat=0
split_feature=2 2 2 2 3 3 18 21 3 20 3 3 2 2
split_gain=0.0222394 0.00446929 0.00446811 0.00151353 8.01098e-05 0.000118638 2.37057e-05 7.35031e-05 7.73521e-05 1.73128e-05 3.2561e-05 1.50185e-05 7.27553e-06 3.32234e-06
threshold=10.500000000000002 20.500000000000004 3.5000000000000004 5.5000000000000009 37.500000000000007 59.000000000000007 86.000000000000014 3.5000000000000004 34.500000000000007 11.000000000000002 56.000000000000007 33.500000000000007 7.5000000000000009 13.500000000000002
decision_type=2 2 2 2 2 2 2 2 2 2 2 2 2 2
left_child=2 6 -1 9 11 -6 7 13 -9 10 -4 12 -5 -2
right_child=1 -3 3 4 5 -7 -8 8 -10 -11 -12 -13 -14 -15
leaf_value=0.051705950639768711 -0.017321841113205293 -0.050375414997158599 0.024500868613445373 0.0085399754087287488 -0.0084032301622721482 0.0053416564469479485 -0.015675865075308423 -0.015753140316154334 -0.029623433598603689 0.025771998568979684 0.019905512466416853 0.010231750625685453 0.006179536819542677 -0.015397342361875583
leaf_weight=0.0087239200220210478 0.0033802376128733158 0.014035345891898032 0.009274214506149292 0.0067879077978432178 0.0018319945374969402 0.010975275421515107 0.019562705885618925 0.0017009198199957618 0.0024573870177846402 0.0058547062799334517 0.0065966328256763509 0.0073322542011737815 0.0062891959678381681 0.0066632447997108102
leaf_count=8 2 122 2 2 5 3 10 1 9 1 3 2 2 4
internal_value=-0.000886819 -0.026662 0.0184649 0.0131868 0.00647526 0.00337554 -0.0168047 -0.0183596 -0.0239499 0.0234481 0.0225908 0.00842039 0.00740477 -0.0160451
internal_weight=0.111466 0.0477998 0.0636661 0.0549422 0.0332166 0.0128073 0.0337645 0.0142018 0.00415831 0.0217256 0.0158708 0.0204094 0.0130771 0.0100435
internal_count=176 148 28 20 14 8 26 16 10 6 5 6 4 6
is_linear=0
shrinkage=0.05


Tree=107
num_leaves=15
num_cat=0
split_feature=2 2 2 2 3 1 2 1 3 3 2 1 2 16
split_gain=0.0227439 0.00593818 0.00442482 0.00121082 5.26361e-05 1.92932e-05 2.33682e-05 1.73311e-05 2.09416e-05 1.27843e-05 1.72084e-05 1.14236e-05 3.6609e-06 3.26814e-06
threshold=10.500000000000002 3.5000000000000004 20.500000000000004 5.5000000000000009 37.500000000000007 2.5000000000000004 4.5000000000000009 2.5000000000000004 34.500000000000007 62.500000000000007 6.5000000000000009 2.5000000000000004 7.5000000000000009 3.5000000000000004
decision_type=2 2 2 2 2 2 2 2 2 2 2 2 2 2
left_child=1 -1 7 5 11 6 -3 8 -2 10 -6 12 -5 -9
right_child=2 3 -4 4 9 -7 -8 13 -10 -11 -12 -13 -14 -15
leaf_value=0.051701993292219174 -0.016414123558529638 0.024260436970008348 -0.05036591017328769 0.0083769478155172085 0.0056710662846029105 0.025750044550639457 0.019544304757322287 -0.016288166009438845 -0.021351775917879789 0.0068737443910480873 0.0011706756482007352 0.0099085656827001961 0.0068159617913904763 -0.014713476393370416
leaf_weight=0.0117068289546296 0.0047787304501980543 0.0058378444518893957 0.013450656453642296 0.0065647605806589135 0.0037640915252268314 0.0056756548583507529 0.0047749777440913022 0.022975549101829529 0.0038998143936623819 0.0031013577245175847 0.0048753366281744093 0.0071076836902648202 0.0087788940872997046 0.0038466141559183589
leaf_count=9 3 2 122 2 1 1 2 13 9 1 4 2 3 2
internal_value=-0.000449823 0.019618 -0.0259439 0.0121775 0.0068328 0.0233969 0.0221385 -0.0166907 -0.0186329 0.00411998 0.00313144 0.00825146 0.00748383 -0.0160623
internal_weight=0.111139 0.0621874 0.0489514 0.0504806 0.0341921 0.0162885 0.0106128 0.0355007 0.00867854 0.0117408 0.00863943 0.0224513 0.0153437 0.0268222
internal_count=176 27 149 18 13 5 4 27 12 6 5 7 5 15
is_linear=0
shrinkage=0.05


Tree=108
num_leaves=15
num_cat=0
split_feature=2 2 2 2 3 3 1 16 2 1 17 3 2 2
split_gain=0.0229999 0.00524135 0.00415102 0.00148035 7.36612e-05 0.000111467 2.05052e-05 5.01457e-05 1.42811e-05 3.83194e-06 2.90352e-06 2.3576e-06 3.03572e-06 3.38993e-06
threshold=10.500000000000002 3.5000000000000004 20.500000000000004 5.5000000000000009 37.500000000000007 59.000000000000007 2.5000000000000004 2.5000000000000004 4.5000000000000009 2.5000000000000004 2.5000000000000004 62.500000000000007 12.500000000000002 17.500000000000004
decision_type=2 2 2 2 2 2 2 2 2 2 2 2 2 2
left_child=1 -1 6 8 9 -6 7 -2 -3 -5 -8 12 -12 -14
right_child=2 3 -4 4 5 -7 10 -9 -10 -11 11 -13 13 -15
leaf_value=0.051681740610733801 -0.025674331496119057 0.025760235075230061 -0.050356922006414555 0.0081871805074594257 -0.0080532632028313018 0.0056858265147015866 -0.014903127710462247 -0.016413046861915536 0.023057509937968221 0.0096708229911844218 -0.015677425437248958 -0.015820144526110507 -0.018635558992873873 -0.016550322259171479
leaf_weight=0.011021387064829469 0.0021211247367318711 0.0094372606836259365 0.013172319249861175 0.011834057746455073 0.0017229839286301294 0.010310942074283957 0.0037118449108675114 0.0047007928369566798 0.010138357349205762 0.0068836621940135947 0.0035309577360749253 0.0090802527265623212 0.0033952305093407631 0.0045757414773106575
leaf_count=8 8 2 125 4 5 3 2 3 3 2 2 5 2 3
internal_value=0.000628824 0.0204517 -0.0268301 0.0136125 0.00677066 0.0037187 -0.0168705 -0.0192926 0.0243605 0.00873281 -0.0161903 -0.0164224 -0.0168979 -0.0174385
internal_weight=0.105637 0.0613487 0.0442883 0.0503273 0.0307516 0.0120339 0.0311159 0.00682192 0.0195756 0.0187177 0.024294 0.0205822 0.0115019 0.00797097
internal_count=177 27 150 19 14 8 25 11 5 6 14 12 7 5
is_linear=0
shrinkage=0.05


Tree=109
num_leaves=15
num_cat=0
split_feature=2 2 2 2 3 3 20 3 17 3 22 2 2 2
split_gain=0.0207652 0.00499788 0.00378203 0.0014655 4.69512e-05 9.9841e-05 2.06192e-05 0.000114559 1.40299e-05 3.15159e-05 9.57793e-06 8.68329e-06 8.73852e-06 3.9688e-06
threshold=10.500000000000002 3.5000000000000004 20.500000000000004 5.5000000000000009 37.500000000000007 59.000000000000007 8.5000000000000018 34.500000000000007 49.000000000000007 56.000000000000007 1.0000000180025095e-35 12.500000000000002 13.500000000000002 7.5000000000000009
decision_type=2 2 2 2 2 2 2 2 2 2 2 2 2 2
left_child=1 -1 6 8 10 -6 7 -2 9 -3 -5 -8 -13 -12
right_child=2 3 -4 4 5 -7 11 -9 -10 -11 13 12 -14 -15
leaf_value=0.051634546106584071 -0.015136205853691999 0.024823068918299319 -0.050343880744246776 0.0094123512145652607 -0.0074351559659982178 0.0057815927037409053 -0.014266848346650636 -0.028705038828691767 0.025858927597597749 0.020084594890060318 0.0080817249552264242 -0.01901581436660256 -0.016183540110416197 0.0064039349492743666
leaf_weight=0.0099158186640124768 0.0050975027261301866 0.0084710989613085985 0.011906535200978396 0.0066719043534249059 0.0016672092024236926 0.0099962116219103336 0.004530124948360025 0.0022387142671504989 0.0053410674445331088 0.0059906362439505765 0.0061540734022855767 0.003358740475960075 0.014396545011550188 0.0082496865652501583
leaf_count=8 3 2 118 2 5 3 3 9 1 3 2 2 9 3
internal_value=0.000857293 0.0190765 -0.0265441 0.0129321 0.00643764 0.00389235 -0.0169777 -0.0192769 0.023669 0.0228602 0.00784622 -0.0162208 -0.0167193 0.00712078
internal_weight=0.103986 0.0624577 0.0415282 0.0525419 0.0327391 0.0116634 0.0296216 0.00733622 0.0198028 0.0144617 0.0210757 0.0222854 0.0177553 0.0144038
internal_count=173 29 144 21 15 8 26 12 6 5 7 14 11 5
is_linear=0
shrinkage=0.05


Tree=110
num_leaves=15
num_cat=0
split_feature=2 2 2 2 3 17 16 1 2 3 1 2 2 2
split_gain=0.017888 0.00393619 0.0035781 0.00117624 3.0684e-05 2.76861e-05 5.07657e-05 1.55167e-05 1.81382e-05 8.43081e-06 7.79523e-06 6.76556e-06 4.8044e-06 6.38376e-06
threshold=10.500000000000002 3.5000000000000004 20.500000000000004 5.5000000000000009 37.500000000000007 15.000000000000002 1.5000000000000002 2.5000000000000004 4.5000000000000009 61.500000000000007 2.5000000000000004 16.500000000000004 11.500000000000002 13.500000000000002
decision_type=2 2 2 2 2 2 2 2 2 2 2 2 2 2
left_child=1 -1 5 7 10 6 11 8 -3 -6 -5 -2 -7 -14
right_child=2 3 -4 4 9 12 -8 -9 -10 -11 -12 -13 13 -15
leaf_value=0.05156815502122232 -0.020269966712597908 0.024406682350427717 -0.050331136039971247 0.0070397838249754586 0.0028325712014122318 -0.014179886600258752 -0.025660911378322979 0.025840501786309113 0.020055905888805792 0.0056298738065157158 0.0091393429940273292 -0.016485513492973117 -0.018372455929238248 -0.015838679013080122
leaf_weight=0.007290163717698305 0.0014878238362143748 0.0053257861291058362 0.011664142348308815 0.013956756331026554 0.004720639088191092 0.002946443739347159 0.0024000101984711364 0.0051792450249195108 0.0043538804748095572 0.0062728589400649071 0.0064705067779868832 0.0057260254397988319 0.0031841038726270207 0.01133629260584712
leaf_count=8 2 2 121 5 5 2 8 1 2 2 2 4 2 7
internal_value=-0.00129867 0.0174194 -0.0271789 0.0120402 0.00655858 -0.0172068 -0.0193617 0.0236316 0.0224497 0.0044287 0.00770484 -0.017266 -0.0160208 -0.0163943
internal_weight=0.0923147 0.0535698 0.0387448 0.0462797 0.0314208 0.0270807 0.00961386 0.0148589 0.00967967 0.0109935 0.0204273 0.00721385 0.0174668 0.0145204
internal_count=173 27 146 19 14 25 14 5 4 7 7 6 11 9
is_linear=0
shrinkage=0.05


Tree=111
num_leaves=15
num_cat=0
split_feature=20 3 3 3 0 1 3 16 3 3 16 3 15 3
split_gain=0.00679906 0.00236805 0.00232883 0.00251237 0.00167289 0.0015136 0.00115168 0.000846908 0.000498457 0.000448719 0.000256781 0.000245163 0.000248644 0.000124133
threshold=8.5000000000000018 62.500000000000007 54.500000000000007 20.500000000000004 2.5000000000000004 1.5000000000000002 56.000000000000007 2.5000000000000004 38.500000000000007 62.500000000000007 2.5000000000000004 37.500000000000007 3.5000000000000004 34.500000000000007
decision_type=2 2 2 2 2 2 2 2 2 2 2 2 2 2
left_child=4 2 3 5 7 -2 -4 -1 10 13 11 12 -5 -6
right_child=1 -3 6 8 9 -7 -8 -9 -10 -11 -12 -13 -14 -15
leaf_value=-0.050322310906707524 -0.0032060561265103804 -0.020203780007810656 0.051484002356638608 -0.018406918246043982 -0.015020916037168739 0.0214210245041534 0.019121307659324113 -0.011118108983305536 -0.031325818649366233 0.0039199693129048658 -0.017923024110538786 0.017917785668681237 -0.0017264706709384393 -0.029415267666261263
leaf_weight=0.007092444968293421 0.0091064136940985918 0.0072743393648124757 0.0033816283103078595 0.002866248833015562 0.0047368361847475171 0.019815638021100312 0.014696099009597674 0.0017096190204028971 0.002273437181429471 0.0028768005722668022 0.0038603921493631779 0.0012336973886704081 0.010129730770131573 0.0021903261367697269
leaf_count=72 5 15 3 3 3 7 7 8 11 3 9 6 11 10
internal_value=0.000157069 0.0068982 0.00982485 0.00419445 -0.0268848 0.0136669 0.0251751 -0.0427077 -0.00925919 -0.0126789 -0.006486 -0.00338324 -0.00540532 -0.0195723
internal_weight=0.0932437 0.0746376 0.0673633 0.0492856 0.018606 0.0289221 0.0180777 0.00880206 0.0203635 0.00980396 0.0180901 0.0142297 0.012996 0.00692716
internal_count=173 77 62 52 96 12 10 80 40 16 29 20 14 13
is_linear=0
shrinkage=0.05


Tree=112
num_leaves=15
num_cat=0
split_feature=2 2 2 2 3 1 1 3 2 2 2 2 18 2
split_gain=0.0181365 0.00402341 0.00338765 0.00153236 4.47355e-05 3.06194e-05 2.12214e-05 2.25742e-05 1.86639e-05 1.45426e-05 1.18075e-05 4.94343e-06 3.52913e-06 1.3094e-06
threshold=10.500000000000002 3.5000000000000004 20.500000000000004 5.5000000000000009 37.500000000000007 2.5000000000000004 2.5000000000000004 34.500000000000007 8.5000000000000018 4.5000000000000009 7.5000000000000009 13.500000000000002 86.000000000000014 16.500000000000004
decision_type=2 2 2 2 2 2 2 2 2 2 2 2 2 2
left_child=1 -1 6 5 8 9 7 -2 -5 -3 -6 -8 -13 -14
right_child=2 3 -4 4 10 -7 11 -9 -10 -11 -12 12 13 -15
leaf_value=0.051494035027810914 -0.016645374242590112 0.024158912857836893 -0.050319227251585767 0.005186662376289509 0.0045857058329238009 0.02644587464931257 -0.017446301765881272 -0.022195848817731914 0.0083207667037440893 0.020173714209196079 0.00066101033421337471 -0.016632211514301911 -0.014445759196244188 -0.015612194249587564
leaf_weight=0.0081034151080530137 0.0040023804176598779 0.0050854855217039585 0.010538834878389025 0.0083329593762755394 0.0035563696001190684 0.009138026274740696 0.0047482482623308888 0.0033778977376641706 0.011048487387597561 0.0041632673237472773 0.0041558081866241992 0.0052826041355729112 0.004854702390730381 0.0047699757851660252
leaf_count=8 3 2 116 3 2 2 3 10 4 2 4 4 3 3
internal_value=0.000359745 0.0190355 -0.0262731 0.0132523 0.00569166 0.0243932 -0.0168997 -0.0191858 0.00697327 0.022365 0.00247083 -0.0160413 -0.0155938 -0.0150238
internal_weight=0.0911585 0.0535838 0.0375746 0.0454804 0.0270936 0.0183868 0.0270358 0.00738028 0.0193814 0.00924875 0.00771218 0.0196555 0.0149073 0.00962468
internal_count=169 27 142 19 13 6 26 13 7 4 6 13 10 6
is_linear=0
shrinkage=0.05


Tree=113
num_leaves=15
num_cat=0
split_feature=2 2 2 2 3 1 15 3 2 21 17 2 2 3
split_gain=0.0191394 0.00430616 0.0035031 0.00147535 4.11337e-05 2.54434e-05 2.33293e-05 5.13026e-05 1.53982e-05 1.39777e-05 3.03871e-05 2.75694e-05 1.25348e-05 5.31386e-06
threshold=10.500000000000002 3.5000000000000004 20.500000000000004 5.5000000000000009 37.500000000000007 2.5000000000000004 1.5000000000000002 61.500000000000007 8.5000000000000018 3.5000000000000004 49.000000000000007 16.500000000000004 4.5000000000000009 40.500000000000007
decision_type=2 2 2 2 2 2 2 2 2 2 2 2 2 2
left_child=1 -1 9 5 8 12 -6 -8 -5 -2 11 -11 -3 -13
right_child=2 3 -4 4 6 -7 7 -9 -10 10 -12 13 -14 -15
leaf_value=0.051508182175327016 -0.015623137731714483 0.024235161018306042 -0.050310071385825599 0.0052036672592428064 0.0060092779097550113 0.026322512592685088 -0.0075886990144632821 0.0036879391740273861 0.008275340146743063 -0.02642047930989562 -0.016571985410139579 -0.016027803560979857 0.020480521482116293 -0.020458173706144403
leaf_weight=0.0091231643891660497 0.012187426793389022 0.0049361189012415707 0.010785316459077876 0.008083186112344265 0.0026183789595961562 0.008844936266541481 0.0014773286529816687 0.0031789133790880442 0.0082382382825016975 0.0016928928525885558 0.012261659954674542 0.0013275822857394814 0.0040440832381136715 0.0013807190262014046
leaf_count=9 9 2 124 3 1 2 5 1 3 6 8 1 2 3
internal_value=1.33796e-05 0.0204113 -0.0259986 0.0135621 0.00536037 0.0244191 0.00223341 0.000110097 0.00675409 -0.01691 -0.0178512 -0.0214152 0.0225443 -0.0182865
internal_weight=0.0901799 0.0505443 0.0396356 0.0414212 0.023596 0.0178251 0.00727462 0.00465624 0.0163214 0.0288503 0.0166629 0.00440119 0.0089802 0.0027083
internal_count=179 28 151 19 13 6 7 6 6 27 18 10 4 4
is_linear=0
shrinkage=0.05


Tree=114
num_leaves=15
num_cat=0
split_feature=2 2 2 2 16 1 21 18 2 2 2 2 2 2
split_gain=0.0169027 0.00460342 0.00321568 0.00128465 2.48153e-05 7.45425e-05 1.67253e-05 2.39477e-05 4.46449e-05 1.59997e-05 1.71322e-05 4.38698e-06 2.56682e-06 9.36657e-07
threshold=10.500000000000002 3.5000000000000004 20.500000000000004 5.5000000000000009 2.5000000000000004 1.5000000000000002 3.5000000000000004 86.000000000000014 16.500000000000004 8.5000000000000018 7.5000000000000009 6.5000000000000009 13.500000000000002 16.500000000000004
decision_type=2 2 2 2 2 2 2 2 2 2 2 2 2 2
left_child=1 -1 6 -3 9 -6 12 8 -8 10 11 -5 -2 -9
right_child=2 3 -4 4 5 -7 7 13 -10 -11 -12 -13 -14 -15
leaf_value=0.051478339289604484 -0.016906095475642886 0.025564655300356717 -0.050297532219534757 0.0074855964024798938 0.0073141701770597575 -0.0071006827596077141 -0.027669088908004305 -0.017604326554928353 -0.0172645690830125 0.0080945993537219606 0.0031295046238876655 0.0054760775950548771 -0.015319313901684242 -0.016642850691999167
leaf_weight=0.0087259402571362443 0.0037302593700587758 0.01137355575338006 0.010185747461946448 0.0056923381052911282 0.0024014997761696568 0.001431438053259626 0.0017400992728653373 0.0044257360277697444 0.0025301627611042932 0.0079863425344228745 0.0056300908327102652 0.0051942365244030952 0.0080453722039237618 0.0059231172781437635
leaf_count=9 3 3 123 2 1 5 7 3 3 3 2 2 6 4
internal_value=-0.000779518 0.0185955 -0.0264335 0.0113696 0.00567198 0.00193084 -0.0172244 -0.018354 -0.0215043 0.0062572 0.00536876 0.00652681 -0.015822 -0.017054
internal_weight=0.0850159 0.0484354 0.0365805 0.0397095 0.0283359 0.00383294 0.0263947 0.0146191 0.00427026 0.024503 0.0165167 0.0108866 0.0117756 0.0103489
internal_count=176 27 149 18 15 6 26 17 10 9 6 4 9 7
is_linear=0
shrinkage=0.05


Tree=115
num_leaves=15
num_cat=0
split_feature=0 18 17 3 3 3 1 15 3 3 3 16 3 4
split_gain=0.00507128 0.0015504 0.0012188 0.00135386 0.00230668 0.00184165 0.00120824 0.00035005 0.000342066 0.000229641 0.000785845 0.000222828 0.00043739 0.000135673
threshold=2.5000000000000004 46.500000000000007 1.5000000000000002 62.500000000000007 54.500000000000007 20.500000000000004 1.5000000000000002 3.5000000000000004 38.500000000000007 61.500000000000007 59.000000000000007 2.5000000000000004 35.500000000000007 1.0000000180025095e-35
decision_type=2 2 2 2 2 2 2 2 2 2 2 2 2 2
left_child=1 13 -2 4 5 6 -4 -5 11 10 -6 12 -7 -1
right_child=2 -3 3 7 9 8 -8 -9 -10 -11 -12 -13 -14 -15
leaf_value=0.0054757510808023727 -0.019964023957520335 -0.050266560713939618 -0.0036578345273713441 0.0033172467460941472 0.051333057987037391 -0.0072920630588416526 0.02052226617880264 -0.018608619910273409 -0.029507700831268621 0.016855553273850042 0.020606924105959774 -0.020017420671473638 0.025487856372860048 -0.015708367783016718
leaf_weight=0.001332066829490941 0.0047657557115599039 0.0059366902933106758 0.008044195594266057 0.0025840564412646927 0.0028087751707062134 0.011886073043569922 0.014440503844525665 0.0061593784848810174 0.0019367850036360315 0.0068153040483593932 0.0080306276795454323 0.0028080563715775489 0.0011129213671665647 0.0017471111423219554
leaf_count=3 11 71 5 3 3 16 6 11 10 2 3 7 6 10
internal_value=5.99772e-07 -0.0353341 0.00446287 0.00621011 0.00898023 0.00236796 0.0118715 -0.0121286 -0.0096748 0.0240471 0.0285689 -0.00724475 -0.00448558 -0.00654402
internal_weight=0.0804083 0.00901587 0.0713924 0.0666267 0.0578832 0.0402285 0.0224847 0.00874343 0.0177438 0.0176547 0.0108394 0.0158071 0.012999 0.00307918
internal_count=167 84 83 72 58 50 11 14 39 8 6 29 22 13
is_linear=0
shrinkage=0.05


Tree=116
num_leaves=15
num_cat=0
split_feature=2 2 2 2 17 15 2 4 15 2 2 16 4 15
split_gain=0.0162026 0.00388833 0.00279555 0.00133971 5.18888e-05 3.73584e-05 2.32958e-05 2.22214e-05 1.70418e-05 1.76983e-05 1.1368e-05 3.84644e-06 1.66108e-06 1.41616e-06
threshold=10.500000000000002 3.5000000000000004 20.500000000000004 5.5000000000000009 15.000000000000002 3.5000000000000004 8.5000000000000018 1.0000000180025095e-35 3.5000000000000004 15.500000000000002 4.5000000000000009 2.5000000000000004 1.0000000180025095e-35 1.5000000000000002
decision_type=2 2 2 2 2 2 2 2 2 2 2 2 2 2
left_child=1 -1 8 7 5 -5 -6 10 11 -10 -3 13 -8 -2
right_child=2 3 -4 4 6 -7 12 -9 9 -11 -12 -13 -14 -15
leaf_value=0.0514442010668432 -0.01736866532339924 0.024130763775785841 -0.050286579811815169 0.003277210448185039 0.004380125000557465 -0.0069547368679649755 0.007647303959870861 0.026137958358047188 -0.021657145757933163 -0.016972745970972234 0.020412623822774079 -0.014397429995884406 0.0089539932105826611 -0.01591050711206226
leaf_weight=0.0081882985614356585 0.002347673405893147 0.0045680248877033591 0.0090472846204647794 0.0051038580422755322 0.0057871753815561524 0.0010810521926032379 0.0043592355214059344 0.0081010535359382629 0.0031115340170799755 0.0057285547009087168 0.003737961349543184 0.0037545602535828957 0.0055015860125422486 0.0057271738769486547
leaf_count=9 2 2 117 3 2 4 2 2 5 6 2 3 2 5
internal_value=0.00172229 0.0201746 -0.0271068 0.0134789 0.00536594 0.00148878 0.0068984 0.0242747 -0.0169608 -0.0186216 0.0224575 -0.0157197 0.00837634 -0.0163345
internal_weight=0.076145 0.0464282 0.0297168 0.0382399 0.0218329 0.00618491 0.015648 0.016407 0.0206695 0.00884009 0.00830599 0.0118294 0.00986082 0.00807485
internal_count=166 28 138 19 13 7 6 6 21 11 4 10 4 7
is_linear=0
shrinkage=0.05


Tree=117
num_leaves=15
num_cat=0
split_feature=2 2 2 2 1 2 3 1 2 2 2 2 2 1
split_gain=0.014281 0.00308633 0.00268023 0.00095673 4.1051e-05 3.73069e-05 1.84389e-05 9.69412e-06 9.81156e-06 8.08913e-06 6.51145e-06 1.79126e-06 2.70107e-06 1.54293e-06
threshold=10.500000000000002 3.5000000000000004 20.500000000000004 5.5000000000000009 2.5000000000000004 12.500000000000002 37.500000000000007 2.5000000000000004 4.5000000000000009 7.5000000000000009 8.5000000000000018 14.500000000000002 18.500000000000004 2.5000000000000004
decision_type=2 2 2 2 2 2 2 2 2 2 2 2 2 2
left_child=1 -1 4 7 5 -2 10 8 -3 -8 -5 -6 -13 -12
right_child=2 3 -4 6 11 -7 9 -9 -10 -11 13 12 -14 -15
leaf_value=0.051425260753680674 -0.018311507450282899 0.024168761449000955 -0.050278210842830288 0.0059092266335848027 -0.017589906101128025 -0.028223524120858198 0.0056266406643446509 0.025546778566384355 0.020661778014066386 0.0024138855778571833 0.0074424999624874205 -0.015871550655868011 -0.017339754263894485 0.008720991470712881
leaf_weight=0.0059003428323194376 0.002360874103032983 0.0044296950800344348 0.0088951973739312962 0.0048736755270510921 0.0040090994443744412 0.0015877253681537695 0.0053837690793443471 0.0042252242565155038 0.0036276999162510037 0.0030801485991105437 0.0042362951207906008 0.0088952395599335432 0.0048354672035202393 0.0053278461564332247
leaf_count=8 4 2 120 2 3 6 3 1 2 2 2 7 4 2
internal_value=-0.00129654 0.0179605 -0.0271657 0.0123486 -0.0176864 -0.0222971 0.00631044 0.023607 0.0225898 0.00445747 0.00739671 -0.0166601 -0.0163886 0.0081547
internal_weight=0.0716683 0.0410847 0.0305836 0.0351844 0.0216884 0.0039486 0.0229017 0.0122826 0.00805739 0.00846392 0.0144378 0.0177398 0.0137307 0.00956414
internal_count=168 24 144 16 24 10 11 5 4 5 6 14 11 4
is_linear=0
shrinkage=0.05


Tree=118
num_leaves=15
num_cat=0
split_feature=2 2 2 2 17 2 20 16 3 1 2 2 2 4
split_gain=0.0145376 0.00333836 0.0026653 0.00123243 2.52001e-05 3.14107e-05 2.47783e-05 5.23947e-05 1.30014e-05 1.07383e-05 2.8677e-06 7.60282e-06 2.05858e-06 1.84707e-06
threshold=10.500000000000002 5.5000000000000009 20.500000000000004 3.5000000000000004 15.000000000000002 7.5000000000000009 8.5000000000000018 3.5000000000000004 59.000000000000007 2.5000000000000004 13.500000000000002 12.500000000000002 11.500000000000002 1.0000000180025095e-35
decision_type=2 2 2 2 2 2 2 2 2 2 2 2 2 2
left_child=1 3 6 -1 5 -3 7 -2 13 -5 11 12 -8 -6
right_child=2 4 -4 9 8 -7 10 -9 -10 -11 -12 -13 -14 -15
leaf_value=0.051363782858564716 -0.027560050577073909 0.0053089618556425335 -0.050271295310611974 0.023338341947729945 0.0070985134848055437 -0.00075638052073792627 -0.015212586222680983 -0.014199846744597825 0.004809797702261389 0.026022803383912912 -0.016201917864065343 -0.019723564295140879 -0.017320099304876112 0.008519431263627952
leaf_weight=0.0061151311092544338 0.0016565336409257716 0.0072578417602926493 0.0087522727699251845 0.0073010488413274288 0.0041047239210456618 0.0030238932085921988 0.0022510547423735252 0.0013174788327887654 0.0054329906124621638 0.0076063468586653471 0.01083548367023468 0.002487425459548831 0.0023877214407548308 0.0051649603992700568
leaf_count=7 8 4 123 3 2 4 2 1 2 2 9 2 2 2
internal_value=0.000176741 0.0177787 -0.0271008 0.0324618 0.00542402 0.00352512 -0.0174142 -0.0216415 0.00675194 0.0247081 -0.0167143 -0.0174933 -0.0162974 0.00789023
internal_weight=0.0756949 0.0460069 0.029688 0.0210225 0.0249844 0.0102817 0.0209357 0.00297401 0.0147027 0.0149074 0.0179617 0.0071262 0.00463878 0.00926968
internal_count=173 26 147 12 14 8 24 9 6 5 15 6 4 4
is_linear=0
shrinkage=0.05


Tree=119
num_leaves=15
num_cat=0
split_feature=2 2 2 2 1 3 2 2 1 2 1 2 2 2
split_gain=0.0144171 0.00363659 0.00252136 0.00113994 2.79972e-05 4.52991e-05 2.0709e-05 1.0291e-05 8.69586e-06 7.30791e-06 5.49634e-06 1.84837e-06 3.48977e-06 9.34719e-07
threshold=10.500000000000002 5.5000000000000009 20.500000000000004 3.5000000000000004 2.5000000000000004 34.500000000000007 8.5000000000000018 6.5000000000000009 2.5000000000000004 4.5000000000000009 2.5000000000000004 13.500000000000002 18.500000000000004 16.500000000000004
decision_type=2 2 2 2 2 2 2 2 2 2 2 2 2 2
left_child=1 3 4 -1 5 -2 7 -3 -9 -5 -8 -6 13 -13
right_child=2 6 -4 9 11 -7 10 8 -10 -11 -12 12 -14 -15
leaf_value=0.05136434494627478 -0.017458768843488178 0.0069639817120415327 -0.050262077808358757 0.026878688050533346 -0.017621586980307483 -0.027694255316723607 0.0059171646801695699 0.0019370519985016281 0.004903192942207142 0.024292356646711338 0.0083659344490836715 -0.015185368091103171 -0.017484036322331292 -0.01623766018480825
leaf_weight=0.0070953059257590203 0.0031486313091590992 0.0025307614705525347 0.0081413865846116096 0.0069888087455183268 0.0037294855574145904 0.0016460933475173078 0.0042237736633978784 0.0050417649908922613 0.0048460222315043211 0.0044834200525656343 0.0050089608412235975 0.0038356549339368939 0.0045104190940037378 0.0046915299026295543
leaf_count=8 3 2 119 2 3 9 3 4 2 2 2 3 4 4
internal_value=-0.000135999 0.0193754 -0.0265549 0.035611 -0.0176035 -0.0209727 0.00545227 0.00411895 0.00339076 0.0258679 0.00724568 -0.01664 -0.0163593 -0.0157643
internal_weight=0.069922 0.0402188 0.0297032 0.0185675 0.0215618 0.00479472 0.0216513 0.0124185 0.00988779 0.0114722 0.00923273 0.0167671 0.0130376 0.00852718
internal_count=170 25 145 12 26 12 13 8 6 4 5 14 11 7
is_linear=0
shrinkage=0.05


Tree=120
num_leaves=15
num_cat=0
split_feature=2 2 2 2 1 20 19 17 2 2 2 2 2 1
split_gain=0.011659 0.00341411 0.00238476 0.000649585 3.43052e-05 2.625e-05 8.02858e-05 1.64059e-05 3.02569e-05 7.64753e-06 3.04555e-06 6.40017e-06 2.86645e-06 1.83072e-06
threshold=10.500000000000002 3.5000000000000004 20.500000000000004 5.5000000000000009 2.5000000000000004 8.5000000000000018 86.000000000000014 15.000000000000002 7.5000000000000009 8.5000000000000018 13.500000000000002 12.500000000000002 16.500000000000004 2.5000000000000004
decision_type=2 2 2 2 2 2 2 2 2 2 2 2 2 2
left_child=1 -1 5 4 -3 6 -2 8 -5 -9 11 -7 -12 -11
right_child=2 3 -4 7 -6 10 -8 9 -10 13 12 -13 -14 -15
leaf_value=0.051286476248330652 -0.030094604259954916 0.018928966422868343 -0.050255991912769742 0.005773132693276767 0.025586497232685308 -0.016455911719257258 -0.015613137420590806 0.0051142489864839605 -0.00036942186925489228 0.0067372407607461451 -0.015223051175334729 -0.019712904589118941 -0.016873361839434942 0.0081963277540815071
leaf_weight=0.0058583826175890854 0.0015604480468027751 0.0038796281442046157 0.0075021749144070773 0.006804628559621051 0.0038602927234023809 0.0043212615419179192 0.0024753117468208075 0.0051090463530272254 0.0028421225870260969 0.0038562798872590065 0.0042723219376057386 0.0023171256761997938 0.0068497448228299618 0.0048581343144178391
leaf_count=8 9 3 115 4 1 4 2 2 4 2 4 2 6 2
internal_value=-0.00236886 0.0162625 -0.0259414 0.00968824 0.0222494 -0.0175724 -0.0212125 0.00554586 0.00396342 0.00665018 -0.0167453 -0.0175928 -0.0162394 0.00755066
internal_weight=0.0663669 0.0370685 0.0292984 0.0312101 0.00773992 0.0217962 0.00403576 0.0234702 0.00964675 0.0138235 0.0177605 0.00663839 0.0111221 0.00871441
internal_count=168 26 142 18 4 27 11 14 8 6 16 6 10 4
is_linear=0
shrinkage=0.05


Tree=121
num_leaves=15
num_cat=0
split_feature=2 2 2 2 1 1 17 2 3 3 2 2 2 2
split_gain=0.0126996 0.00310067 0.00231833 0.000918838 4.33304e-05 2.78059e-05 1.68881e-05 2.35667e-05 1.29201e-05 5.98783e-06 5.01047e-06 1.67403e-06 3.00415e-06 1.22983e-06
threshold=10.500000000000002 3.5000000000000004 20.500000000000004 5.5000000000000009 2.5000000000000004 2.5000000000000004 15.000000000000002 7.5000000000000009 34.500000000000007 37.500000000000007 8.5000000000000018 18.500000000000004 13.500000000000002 16.500000000000004
decision_type=2 2 2 2 2 2 2 2 2 2 2 2 2 2
left_child=1 -1 5 4 -3 8 7 9 -2 -5 -8 12 -7 -14
right_child=2 3 -4 6 -6 11 10 -9 -10 -11 -12 -13 13 -15
leaf_value=0.051306124548989473 -0.018163633953872434 0.019287557572635283 -0.050248727568960719 0.0074856378712583665 0.025946893265132817 -0.017643684347607345 0.0052657754116978237 -0.00028797850520380597 -0.02358159801635577 0.0039001138728098246 0.0073993754494730626 -0.01758342027807849 -0.015343636161232899 -0.016603111819227367
leaf_weight=0.0060297291638562447 0.0019605088746175161 0.0037696123472414911 0.0075372306419012594 0.0021374973002821198 0.0069394549354910851 0.0034692587796598682 0.0049548610113561153 0.0027623039932223037 0.0025080089253606275 0.0025577331543900073 0.0061882366426289082 0.0042083433363586673 0.0045548570924438536 0.0033739322097972035
leaf_count=7 2 3 119 1 2 3 2 4 10 3 3 4 4 3
internal_value=-0.001198 0.018653 -0.0266043 0.0119355 0.0236028 -0.0177269 0.00521814 0.00337652 -0.0212045 0.00553242 0.00645065 -0.0167312 -0.0164165 -0.0158796
internal_weight=0.0629516 0.0353394 0.0276121 0.0293097 0.0107091 0.0200749 0.0186006 0.00745753 0.00446852 0.00469523 0.0111431 0.0156064 0.011398 0.00792879
internal_count=170 25 145 18 5 26 13 8 12 4 5 14 10 7
is_linear=0
shrinkage=0.05


Tree=122
num_leaves=15
num_cat=0
split_feature=2 2 2 2 1 17 2 3 1 2 1 2 2 2
split_gain=0.0120948 0.00247624 0.00225768 0.000885108 2.23542e-05 1.91348e-05 2.38993e-05 1.71217e-05 4.53241e-06 2.31467e-06 2.03471e-06 1.07494e-06 4.51741e-07 3.53768e-07
threshold=10.500000000000002 5.5000000000000009 20.500000000000004 3.5000000000000004 2.5000000000000004 15.000000000000002 7.5000000000000009 34.500000000000007 2.5000000000000004 13.500000000000002 2.5000000000000004 16.500000000000004 14.500000000000002 15.500000000000002
decision_type=2 2 2 2 2 2 2 2 2 2 2 2 2 2
left_child=1 3 4 -1 7 6 -3 -2 -5 -6 -7 13 -9 -11
right_child=2 5 -4 8 9 10 -8 12 -10 11 -12 -13 -14 -15
leaf_value=0.051248764481211809 -0.017715372450310209 0.0054744472001331916 -0.050240276528897725 0.024044553041073932 -0.017673190068271248 0.0059844428300488643 -0.00014201749761311299 -0.022766522094685725 0.025896563448004884 -0.015994064181928065 0.0074433272547774158 -0.016587576501745999 -0.024132510877242448 -0.015096593501499077
leaf_weight=0.0042368043505121014 0.0028401587042026213 0.0064143933414015919 0.0072896674901130601 0.0064909062930382788 0.0033478096593171367 0.003641998628154397 0.0026877340424107388 0.0012316250285948627 0.0067275892943143845 0.0023106384323909879 0.0069524897262454033 0.0062488775583915412 0.0011900923564098775 0.0020923446281813085
leaf_count=7 3 4 121 3 3 2 4 5 2 2 3 6 5 2
internal_value=-0.000768741 0.0176492 -0.0265401 0.0313614 -0.0175707 0.00549732 0.00381598 -0.0203491 0.0249871 -0.0165264 0.00694182 -0.016166 -0.0234378 -0.0155676
internal_weight=0.0637031 0.0371519 0.0265512 0.0174553 0.0192615 0.0196966 0.00910213 0.00526188 0.0132185 0.0139997 0.0105945 0.0106519 0.00242172 0.00440298
internal_count=172 25 147 12 26 13 8 13 5 13 5 10 10 4
is_linear=0
shrinkage=0.05


Tree=123
num_leaves=15
num_cat=0
split_feature=2 2 2 2 1 3 17 21 2 2 2 1 2 2
split_gain=0.0114838 0.00253623 0.00209357 0.00089395 1.9904e-05 1.52862e-05 1.33348e-05 1.287e-05 1.03628e-05 3.50764e-06 2.85678e-06 3.1013e-06 7.90438e-07 9.77167e-07
threshold=10.500000000000002 5.5000000000000009 20.500000000000004 3.5000000000000004 2.5000000000000004 34.500000000000007 15.000000000000002 7.0000000000000009 7.5000000000000009 6.5000000000000009 8.5000000000000018 2.5000000000000004 18.500000000000004 13.500000000000002
decision_type=2 2 2 2 2 2 2 2 2 2 2 2 2 2
left_child=1 3 4 -1 5 -2 8 -5 9 -3 -8 -12 13 -6
right_child=2 6 -4 7 12 -7 10 -9 -10 -11 11 -13 -14 -15
leaf_value=0.051289091361064736 -0.017809950645227456 0.0064939352702380318 -0.050231060648776305 0.025800371327409002 -0.017336121600007911 -0.023310882736551672 0.0053995424061242707 0.022512075560337155 0.0010417980151413192 0.0040457574401498398 0.0058533433547274302 0.0078387465164982528 -0.017347912731602896 -0.016120172747855464
leaf_weight=0.0041429151897318653 0.0027448718901723615 0.0022376093256752938 0.0069286651669244739 0.0087770610116422176 0.0021402073325589299 0.002339086353458697 0.0046587486285716304 0.0045018584060017028 0.0023931494215503335 0.0042268618562957272 0.0035347226075828075 0.0044345431961119175 0.0028516343445517131 0.0072470329469069839
leaf_count=7 3 2 119 3 2 10 2 3 3 3 2 2 3 7
internal_value=2.73256e-06 0.0168352 -0.0270022 0.0310119 -0.0177112 -0.0203409 0.0053399 0.0246856 0.00385261 0.00489317 0.00638313 0.00695813 -0.0166189 -0.0163974
internal_weight=0.063159 0.0389075 0.0242515 0.0174218 0.0173228 0.00508396 0.0214856 0.0132789 0.00885762 0.00646447 0.012628 0.00796927 0.0122389 0.00938724
internal_count=171 27 144 13 25 13 14 6 8 5 6 4 12 9
is_linear=0
shrinkage=0.05


Tree=124
num_leaves=15
num_cat=0
split_feature=2 2 2 2 16 20 3 15 2 2 1 2 2 2
split_gain=0.0122593 0.00299477 0.00200345 0.00112731 1.44439e-05 1.1725e-05 6.26589e-05 1.0711e-05 5.68797e-06 7.64019e-06 2.74051e-06 2.11286e-06 4.06464e-06 2.76349e-06
threshold=10.500000000000002 5.5000000000000009 20.500000000000004 3.5000000000000004 2.5000000000000004 8.5000000000000018 34.500000000000007 3.5000000000000004 8.5000000000000018 6.5000000000000009 2.5000000000000004 11.500000000000002 13.500000000000002 16.500000000000004
decision_type=2 2 2 2 2 2 2 2 2 2 2 2 2 2
left_child=1 3 5 -1 8 6 -2 -5 9 -3 -11 -7 -13 -14
right_child=2 4 -4 7 -6 11 -8 -9 -10 10 -12 12 13 -15
leaf_value=0.051223134965086785 -0.016275668299755987 0.0069309996381872255 -0.050227312093079325 0.025743826656269495 0.0017098069345407197 -0.015645116663822529 -0.029328286990597814 0.022699688474816196 0.0070846001291961537 0.0033444085398591505 0.0051892419275598733 -0.018796772470275835 -0.015517405369486249 -0.017456346553056373
leaf_weight=0.0058205405075568697 0.0030637268791906527 0.0041896001202985653 0.0064496304312342536 0.0085069818887859583 0.0024295079492731011 0.0018191192648373553 0.0013137008063495159 0.0043760495318565526 0.0059373034164309493 0.0038910482544451952 0.0041709052165970206 0.0039494602824561307 0.0026535274228081107 0.0059769513900391757
leaf_count=9 3 2 116 3 4 2 8 3 3 2 2 4 3 6
internal_value=0.00102012 0.0184731 -0.0261851 0.0329607 0.00533081 -0.0179268 -0.0201929 0.0247098 0.00581447 0.00519895 0.00429885 -0.0172379 -0.0174682 -0.0168602
internal_weight=0.0645481 0.0393219 0.0252261 0.0187036 0.0206184 0.0187765 0.00437743 0.012883 0.0181889 0.0122516 0.00806195 0.0143991 0.0125799 0.00863048
internal_count=170 28 142 15 13 26 11 6 9 6 4 15 13 9
is_linear=0
shrinkage=0.05


Tree=125
num_leaves=15
num_cat=0
split_feature=2 2 2 2 16 1 1 3 21 2 2 1 17 2
split_gain=0.0114612 0.0026586 0.00187807 0.000995961 1.93437e-05 4.40807e-05 1.38621e-05 1.36714e-05 8.91005e-06 6.34355e-06 6.83903e-06 2.19956e-06 1.09759e-06 8.59551e-07
threshold=10.500000000000002 5.5000000000000009 20.500000000000004 3.5000000000000004 2.5000000000000004 1.5000000000000002 2.5000000000000004 34.500000000000007 7.0000000000000009 8.5000000000000018 6.5000000000000009 2.5000000000000004 49.000000000000007 18.500000000000004
decision_type=2 2 2 2 2 2 2 2 2 2 2 2 2 2
left_child=1 3 6 -1 9 -6 7 -2 -5 10 -3 -12 13 -8
right_child=2 4 -4 8 5 -7 12 -9 -10 -11 11 -13 -14 -15
leaf_value=0.051229449071469618 -0.017981601168132418 0.0069104083776800555 -0.050216452156456259 0.0256911329965776 0.0061839079778512 -0.00681618349812911 -0.016478041857266076 -0.023365316814028959 0.022873627462823315 0.0075104441572136655 0.0035135043303389127 0.0051911266555579464 -0.017763449177263923 -0.017802673347129667
leaf_weight=0.0049511513061588621 0.0025630238815210751 0.0040621903026476511 0.0062266265213111174 0.0082460930570960045 0.0017432920867577186 0.0010417276353109628 0.0047025151434354484 0.0021840492809133139 0.0042533751693554231 0.0041798646561801425 0.0037750552874058485 0.0040499374736100435 0.0060591259971261024 0.0016559311770834029
leaf_count=7 3 2 117 3 1 5 5 10 3 2 2 2 6 2
internal_value=0.000600077 0.0181865 -0.0266936 0.0322502 0.0051682 0.00132127 -0.0181604 -0.0204586 0.0247324 0.00583501 0.00524589 0.00438178 -0.0172819 -0.016823
internal_weight=0.059694 0.0363027 0.0233913 0.0174506 0.0188521 0.00278502 0.0171646 0.00474707 0.0124995 0.016067 0.0118872 0.00782499 0.0124176 0.00635845
internal_count=170 27 143 13 14 6 26 13 6 8 6 4 13 7
is_linear=0
shrinkage=0.05


Tree=126
num_leaves=15
num_cat=0
split_feature=2 2 2 2 20 18 17 2 1 2 3 2 2 2
split_gain=0.00976323 0.00197744 0.00184937 0.000557876 1.62452e-05 4.82296e-05 1.13422e-05 1.3043e-05 5.23374e-06 2.60065e-06 1.83942e-06 2.97273e-06 2.65178e-06 1.32223e-06
threshold=10.500000000000002 5.5000000000000009 20.500000000000004 3.5000000000000004 8.5000000000000018 86.000000000000014 15.000000000000002 7.5000000000000009 2.5000000000000004 6.5000000000000009 36.500000000000007 17.500000000000004 12.500000000000002 8.5000000000000018
decision_type=2 2 2 2 2 2 2 2 2 2 2 2 2 2
left_child=1 3 4 -1 5 -2 7 9 -5 -3 12 -12 -6 -8
right_child=2 6 -4 8 10 -7 13 -9 -10 -11 11 -13 -14 -15
leaf_value=0.051215451071083801 -0.0291584992646657 0.0064590797501874117 -0.050215128837971607 0.02398459138001402 -0.016968543603818637 -0.016584986653443858 0.0054771192745789003 0.00063040124878574596 0.026098820614768415 0.0042510322523628087 -0.015807248667489501 -0.017839402037928897 -0.019174213307375332 0.0065862456553742905
leaf_weight=0.0024691119542694659 0.0012280488008400417 0.0020362633804325014 0.0062926520877226713 0.0057356207980774343 0.0027156411088071764 0.0020125870360061526 0.0042585211340337992 0.0023833759187255055 0.0059780816081911325 0.00386412201623898 0.0034802237641997635 0.0037267025327309966 0.0027351845637895167 0.0072819784982129931
leaf_count=6 8 2 122 3 3 2 2 4 2 3 4 4 3 4
internal_value=-0.00147305 0.0153618 -0.027272 0.0296164 -0.018191 -0.0213498 0.00516371 0.00375209 0.0250636 0.00501304 -0.0173823 -0.0168581 -0.0180753 0.00617697
internal_weight=0.0561981 0.0340071 0.022191 0.0141828 0.0158984 0.00324064 0.0198243 0.00828376 0.0117137 0.00590039 0.0126578 0.00720693 0.00545083 0.0115405
internal_count=172 26 146 11 24 10 15 9 5 5 14 8 6 6
is_linear=0
shrinkage=0.05


Tree=127
num_leaves=15
num_cat=0
split_feature=2 2 2 2 16 1 3 1 2 1 3 2 2 2
split_gain=0.0102475 0.00217308 0.00187985 0.000726524 1.58417e-05 1.19806e-05 9.58398e-06 7.57393e-06 6.61735e-06 3.38527e-06 3.05725e-06 1.74174e-06 1.28209e-06 3.03748e-07
threshold=10.500000000000002 5.5000000000000009 20.500000000000004 3.5000000000000004 2.5000000000000004 2.5000000000000004 34.500000000000007 2.5000000000000004 4.5000000000000009 2.5000000000000004 61.500000000000007 7.5000000000000009 18.500000000000004 13.500000000000002
decision_type=2 2 2 2 2 2 2 2 2 2 2 2 2 2
left_child=1 3 5 -1 9 6 -2 8 -5 11 -11 -3 13 -7
right_child=2 4 -4 7 -6 12 -8 -9 -10 10 -12 -13 -14 -15
leaf_value=0.051142453510146763 -0.018135335439177044 0.005670233612627168 -0.050206578826272621 0.02501091470279242 0.0014327201397999023 -0.017496710983313509 -0.022827114829495648 0.026046648188266932 0.021663133903144394 0.0070673484648541632 0.0052558732596054512 0.0040694325412736652 -0.018059938003957898 -0.016780436546522438
leaf_weight=0.0033531588196638049 0.002392818918451666 0.0035806739469990126 0.0061937033551657797 0.0032903356186579913 0.0024154594866558901 0.0018577157752588391 0.0019967422122135758 0.0057970792986452579 0.002677023148862645 0.0059798015281558037 0.0038153023924678564 0.0032338487217202783 0.0034278617240488538 0.0072818276821635664
leaf_count=7 3 2 124 2 5 2 9 2 2 3 2 2 4 8
internal_value=-0.000951838 0.0164606 -0.0266317 0.0306114 0.00521616 -0.0180208 -0.0202696 0.0247595 0.0235091 0.00576637 0.00636176 0.00491057 -0.0172353 -0.016926
internal_weight=0.0572934 0.0341427 0.0231507 0.0151176 0.0190251 0.016957 0.00438956 0.0117644 0.00596736 0.0166096 0.0097951 0.00681452 0.0125674 0.00913954
internal_count=177 27 150 13 14 26 12 6 4 9 5 4 14 10
is_linear=0
shrinkage=0.05


Tree=128
num_leaves=15
num_cat=0
split_feature=2 2 2 2 20 16 16 21 1 2 2 2 2 2
split_gain=0.00984807 0.00206376 0.0016567 0.000744143 1.85556e-05 4.80211e-05 7.65226e-06 7.3955e-06 3.32442e-06 1.66046e-06 3.02954e-06 2.69946e-06 1.64753e-06 1.4221e-06
threshold=10.500000000000002 5.5000000000000009 20.500000000000004 3.5000000000000004 8.5000000000000018 3.5000000000000004 2.5000000000000004 7.0000000000000009 2.5000000000000004 11.500000000000002 13.500000000000002 16.500000000000004 7.5000000000000009 12.500000000000002
decision_type=2 2 2 2 2 2 2 2 2 2 2 2 2 2
left_child=1 3 4 -1 5 -2 8 -5 12 -6 13 -12 -3 -11
right_child=2 6 -4 7 9 -7 -8 -9 -10 10 11 -13 -14 -15
leaf_value=0.051132249834422772 -0.029697044482793995 0.0056306787671164807 -0.050199964995285833 0.025697856872638449 -0.015993903670119047 -0.01685171539246438 0.0025088066594194536 0.023012684725741497 0.0064105745054512941 -0.01793197363329422 -0.016080418489101606 -0.017915319475932962 0.0040504831742602379 -0.019966435209366886
leaf_weight=0.0035013895612792121 0.0011872544673678922 0.0034743321593850851 0.0054030754381528814 0.007526501314714551 0.0015813132631592461 0.0018792191985994577 0.002160733987693674 0.003889371088007465 0.0076611051335930824 0.0016829663654789337 0.0032548790914006531 0.0052175146411173046 0.0031405019108206034 0.0017543480498716235
leaf_count=7 9 2 113 3 2 2 4 3 4 2 4 6 2 2
internal_value=-0.000482078 0.0175024 -0.0261592 0.0309677 -0.0183142 -0.0218251 0.00528187 0.024783 0.00570159 -0.0175162 -0.0177183 -0.0172104 0.00488045 -0.0189703
internal_weight=0.0533145 0.0313539 0.0219606 0.0149173 0.0165575 0.00306647 0.0164367 0.0114159 0.0142759 0.013491 0.0119097 0.00847239 0.00661483 0.00343731
internal_count=165 25 140 13 27 11 12 6 8 16 14 10 4 4
is_linear=0
shrinkage=0.05


Tree=129
num_leaves=15
num_cat=0
split_feature=2 2 2 2 20 1 22 3 1 2 2 2 2 2
split_gain=0.00946477 0.00240181 0.00161192 0.000783235 2.33656e-05 5.43991e-06 3.22434e-06 2.63257e-06 1.88559e-06 6.52715e-06 1.5364e-06 2.45513e-06 2.31502e-06 1.23471e-06
threshold=10.500000000000002 5.5000000000000009 20.500000000000004 3.5000000000000004 8.5000000000000018 2.5000000000000004 1.0000000180025095e-35 61.500000000000007 1.5000000000000002 7.5000000000000009 11.500000000000002 13.500000000000002 16.500000000000004 12.500000000000002
decision_type=2 2 2 2 2 2 2 2 2 2 2 2 2 2
left_child=1 3 4 -1 -2 8 -5 -7 -3 -10 -6 13 -13 -12
right_child=2 5 -4 6 10 7 -8 -9 9 -11 11 12 -14 -15
leaf_value=0.05110153205892437 -0.023201147794650941 0.0055257402465143267 -0.050195050418319578 0.023382068228792668 -0.016150874171747449 0.006930218053867618 0.025487045567746409 0.0051981829092061184 0.0052505224966435393 0.0016880484557389821 -0.017989652251330941 -0.016311992795661725 -0.018110678769083462 -0.019918672225054057
leaf_weight=0.0044069625291740522 0.0022305319471342963 0.0029457893688231707 0.0055640444406890302 0.0029284760821610689 0.0015278473147191116 0.0056302479933947325 0.0048028479795902967 0.0035944237606599927 0.0035534821508917958 0.0020147638133494183 0.0016257533570751548 0.0031498874886892736 0.0041402152855880558 0.0016937582986429334
leaf_count=8 10 2 121 2 2 3 2 2 3 3 2 4 5 2
internal_value=-0.000661231 0.0171412 -0.027346 0.0342789 -0.0184977 0.00541413 0.0246897 0.00625532 0.00450272 0.00396151 -0.0176333 -0.0178468 -0.0173335 -0.0189739
internal_weight=0.049809 0.029877 0.019932 0.0121383 0.014368 0.0177387 0.00773132 0.00922467 0.00851404 0.00556825 0.0121375 0.0106096 0.0072901 0.00331951
internal_count=171 25 146 12 25 13 4 5 8 6 15 13 9 4
is_linear=0
shrinkage=0.05


Tree=130
num_leaves=15
num_cat=0
split_feature=2 2 2 2 17 3 2 15 2 21 2 2 2 2
split_gain=0.00885322 0.00228032 0.00155798 0.000780472 1.54727e-05 1.12924e-05 9.21286e-06 8.64069e-06 5.94481e-06 1.37575e-06 7.88271e-07 1.73814e-06 6.67889e-07 5.9614e-07
threshold=10.500000000000002 5.5000000000000009 20.500000000000004 3.5000000000000004 15.000000000000002 37.500000000000007 4.5000000000000009 1.5000000000000002 16.500000000000004 4.5000000000000009 9.5000000000000018 8.5000000000000018 7.5000000000000009 14.500000000000002
decision_type=2 2 2 2 2 2 2 2 2 2 2 2 2 2
left_child=1 3 5 -1 7 9 -5 -3 -7 -2 11 -6 -9 -11
right_child=2 4 -4 6 10 8 -8 12 -10 13 -12 -13 -14 -15
leaf_value=0.051055291369868007 -0.016575073977826347 0.0058566540431873012 -0.050190039676510791 0.025480646513233837 0.0055117502202332632 -0.023384078451966561 0.021783298598923209 0.0021601156554617285 -0.019133292307574757 -0.017228176556507265 0.0052931768842459873 0.0070752939558321147 0.00088962032934413512 -0.018599595836156939
leaf_weight=0.0041854355949908504 0.0053378652082756162 0.0015811955090612164 0.0053559618700091951 0.0054274556750897318 0.0037710079923272133 0.0010888704273384073 0.0024432780337519944 0.0020263106998754665 0.0033623381750658154 0.0016429060488007963 0.0030945151811465621 0.0033623439958319068 0.0021132027759449556 0.0015306873974623159
leaf_count=8 7 1 122 3 2 5 2 3 6 2 2 2 4 3
internal_value=-0.000478864 0.0171999 -0.0275054 0.0336099 0.0047949 -0.0181324 0.0243329 0.00271252 -0.0201731 -0.0170652 0.00595962 0.00624874 0.00151153 -0.0178896
internal_weight=0.0463234 0.0280047 0.0183186 0.0120562 0.0159486 0.0129627 0.00787073 0.00572071 0.00445121 0.00851146 0.0102279 0.00713335 0.00413951 0.00317359
internal_count=172 27 145 13 14 23 5 8 11 12 6 4 7 5
is_linear=0
shrinkage=0.05


Tree=131
num_leaves=15
num_cat=0
split_feature=2 2 2 2 1 3 1 2 1 3 15 2 3 2
split_gain=0.00851819 0.00249588 0.00155379 0.000586398 1.43526e-05 1.09868e-05 4.6896e-06 3.10899e-06 8.31287e-06 2.22557e-06 1.13425e-06 5.61741e-07 4.72674e-07 6.83494e-07
threshold=10.500000000000002 4.5000000000000009 20.500000000000004 5.5000000000000009 2.5000000000000004 34.500000000000007 2.5000000000000004 7.5000000000000009 1.5000000000000002 61.500000000000007 1.5000000000000002 18.500000000000004 36.500000000000007 12.500000000000002
decision_type=2 2 2 2 2 2 2 2 2 2 2 2 2 2
left_child=1 -1 4 -3 5 -2 7 -5 -9 -8 -6 12 13 -12
right_child=2 3 -4 6 10 -7 9 8 -10 -11 11 -13 -14 -15
leaf_value=0.051058816273434976 -0.018604728732803891 0.024421836443480963 -0.050183266987184817 0.0055013987116583236 -0.016737207289140618 -0.023937694861335568 0.0066382928701220929 0.0053030301839452725 0.0011081457152050257 0.0049975600077575592 -0.017313491668211979 -0.018520728373433257 -0.017185107202729543 -0.018784035444309
leaf_weight=0.0043728389791795044 0.0020936714718118301 0.0051806491683237246 0.0051086884777760124 0.0033493665978312492 0.0030859903199598202 0.0017927273875102401 0.0053019769256934524 0.0027772646863013506 0.0020547746680676937 0.0033872672356665134 0.0015871443320065737 0.002312143100425601 0.0032233733218163252 0.0015735829947516322
leaf_count=9 3 3 120 3 4 10 3 2 4 2 2 3 4 2
internal_value=-0.00228368 0.0165511 -0.0262373 0.0097081 -0.0184299 -0.0210647 0.0051898 0.00433069 0.0035192 0.0059987 -0.0175607 -0.017853 -0.0176111 -0.0180456
internal_weight=0.0472015 0.0264241 0.0207773 0.0220513 0.0156686 0.0038864 0.0168707 0.00818141 0.00483204 0.00868924 0.0117822 0.00869624 0.0063841 0.00316073
internal_count=174 26 148 17 28 13 14 9 6 5 15 11 8 4
is_linear=0
shrinkage=0.05


Tree=132
num_leaves=15
num_cat=0
split_feature=2 2 2 2 16 20 2 17 3 2 2 16 2 3
split_gain=0.00872386 0.00196667 0.00141138 0.000788716 1.62633e-05 9.8759e-06 2.20422e-05 8.3085e-06 7.95338e-06 3.10876e-06 2.31617e-06 8.1051e-07 9.48432e-07 8.18485e-07
threshold=10.500000000000002 5.5000000000000009 20.500000000000004 3.5000000000000004 2.5000000000000004 8.5000000000000018 17.500000000000004 49.000000000000007 56.000000000000007 6.5000000000000009 8.5000000000000018 2.5000000000000004 11.500000000000002 36.500000000000007
decision_type=2 2 2 2 2 2 2 2 2 2 2 2 2 2
left_child=1 3 5 -1 9 6 -2 8 -5 -3 -11 12 -7 -14
right_child=2 4 -4 7 -6 11 -8 -9 -10 10 -12 -13 13 -15
leaf_value=0.051076602248957485 -0.026245378745336462 0.0073437605025022034 -0.050177735165000362 0.024721894118589254 0.001392018875657125 -0.016448689977320581 -0.016721196740246608 0.026587577604662457 0.02137204247600295 0.0050052032975368586 0.0066887919364485059 -0.016322199516103052 -0.018506678103762393 -0.017396970897759129
leaf_weight=0.0037575728056253874 0.0011062465455324863 0.0032595444936305293 0.0048521542066737302 0.0043462580069899559 0.0022416507854359233 0.0013767761993221939 0.0013474180013872683 0.0027291073929518461 0.0029914915503468364 0.0063116966048255563 0.0030204650247469544 0.0013522306689992556 0.0029850181890651584 0.0037479453021660447
leaf_count=7 7 2 119 2 6 2 2 1 3 4 2 2 4 5
internal_value=0.00120023 0.0179609 -0.0274453 0.0315287 0.00531588 -0.0181885 -0.0210152 0.0242322 0.0233562 0.00601443 0.00555012 -0.0174555 -0.0176444 -0.017889
internal_weight=0.0454256 0.0286578 0.0167678 0.0138244 0.0148334 0.0119156 0.00245366 0.0100669 0.00733775 0.0125917 0.00933216 0.00946197 0.00810974 0.00673296
internal_count=168 27 141 13 14 22 9 6 5 8 6 13 11 9
is_linear=0
shrinkage=0.05


Tree=133
num_leaves=15
num_cat=0
split_feature=2 2 2 2 17 16 1 3 2 1 2 16 2 3
split_gain=0.00838298 0.00219826 0.00131159 0.000748876 1.70616e-05 1.4649e-05 1.19131e-05 9.74476e-06 2.96312e-06 1.73399e-06 1.3304e-06 1.02799e-06 2.71994e-07 3.53881e-07
threshold=10.500000000000002 5.5000000000000009 20.500000000000004 3.5000000000000004 15.000000000000002 2.5000000000000004 2.5000000000000004 34.500000000000007 6.5000000000000009 2.5000000000000004 8.5000000000000018 3.5000000000000004 12.500000000000002 40.500000000000007
decision_type=2 2 2 2 2 2 2 2 2 2 2 2 2 2
left_child=1 3 6 -1 -5 8 7 -2 -3 -10 -11 12 -8 -14
right_child=2 5 -4 4 -6 -7 11 -9 9 10 -12 -13 13 -15
leaf_value=0.051032038586592068 -0.018753084432527916 0.0072467236263601817 -0.050172002781268099 0.021600311981180075 0.02642169742506886 0.0014914515221447211 -0.017397427256284015 -0.023950181509671837 0.004711454107734072 0.0052885262588631748 0.0067250870399104675 -0.01659890102107944 -0.018829336202300383 -0.017935798433105166
leaf_weight=0.0040803253796184444 0.0019547265837900349 0.0031609231373295197 0.004493236212510964 0.0029080164676997811 0.0049724834971129894 0.0021793665655422947 0.0014782304642722011 0.0016747308363846969 0.0041910758009180427 0.003174607059918344 0.0032735489076003432 0.0015742217074148357 0.0014677062863484025 0.0045223184279166162
leaf_count=9 3 2 116 3 2 6 2 10 3 2 2 2 2 6
internal_value=0.000539458 0.0174346 -0.0269614 0.0336451 0.0246425 0.00530095 -0.0187313 -0.0211512 0.00590256 0.00550321 0.00601783 -0.0177601 -0.0180048 -0.0181547
internal_weight=0.0451055 0.0279403 0.0171652 0.0119608 0.0078805 0.0159795 0.0126719 0.00362946 0.0138002 0.0106392 0.00644816 0.00904248 0.00746826 0.00599002
internal_count=170 29 141 14 5 15 25 13 9 7 4 12 10 8
is_linear=0
shrinkage=0.05


Tree=134
num_leaves=15
num_cat=0
split_feature=2 2 2 2 20 1 3 3 2 2 2 2 3 15
split_gain=0.00868884 0.00178485 0.00121855 0.000747449 2.41239e-05 8.34541e-06 5.79651e-06 5.18236e-06 1.25521e-06 1.1135e-06 8.73378e-07 4.04616e-07 7.84716e-07 2.65015e-07
threshold=10.500000000000002 3.5000000000000004 20.500000000000004 5.5000000000000009 8.5000000000000018 2.5000000000000004 37.500000000000007 62.500000000000007 4.5000000000000009 11.500000000000002 9.5000000000000018 18.500000000000004 36.500000000000007 3.5000000000000004
decision_type=2 2 2 2 2 2 2 2 2 2 2 2 2 2
left_child=1 -1 4 5 -2 8 10 -8 -3 -6 -5 12 13 -11
right_child=2 3 -4 6 9 -7 7 -9 -10 11 -12 -13 -14 -15
leaf_value=0.051011679299383772 -0.024431800123677318 0.023595811489405039 -0.050167576151927851 0.0063213580024088587 -0.016633892117470343 0.025826475985102113 0.0019549070518131641 0.0058137931346076976 0.021969938912794258 -0.018067654800403732 0.005170510598137763 -0.018817867288140958 -0.01740861374653847 -0.019045821269744828
leaf_weight=0.0039231441805895875 0.0017390750981576284 0.0026266024215146899 0.004456050532098744 0.0041547431610524654 0.0012849521590396762 0.0046981391496956348 0.0023048538714647293 0.0013976374175399542 0.0021660313650500029 0.0012839492410421371 0.0027329998556524515 0.002089050889480859 0.00278643419733271 0.0015030511422082782
leaf_count=9 10 2 118 3 2 2 5 1 2 2 2 3 4 2
internal_value=0.00145598 0.0201654 -0.0282024 0.0141391 -0.0190433 0.024329 0.00500706 0.00341158 0.022861 -0.017996 0.00586471 -0.0182244 -0.018002 -0.0185952
internal_weight=0.0391467 0.0240042 0.0151426 0.020081 0.0106865 0.00949077 0.0105902 0.00370249 0.00479263 0.00894744 0.00688774 0.00766249 0.00557343 0.002787
internal_count=167 26 141 17 23 6 11 6 4 13 5 11 8 4
is_linear=0
shrinkage=0.05


Tree=135
num_leaves=15
num_cat=0
split_feature=2 2 2 2 16 20 2 1 2 4 2 2 2 2
split_gain=0.00827495 0.00201835 0.00125568 0.000757846 1.38236e-05 8.6486e-06 1.66227e-05 6.86169e-06 3.26572e-06 1.80019e-06 1.11393e-06 1.02552e-06 1.51948e-06 1.87926e-06
threshold=10.500000000000002 5.5000000000000009 20.500000000000004 3.5000000000000004 2.5000000000000004 8.5000000000000018 17.500000000000004 2.5000000000000004 6.5000000000000009 1.0000000180025095e-35 4.5000000000000009 11.500000000000002 13.500000000000002 16.500000000000004
decision_type=2 2 2 2 2 2 2 2 2 2 2 2 2 2
left_child=1 3 5 -1 8 6 -2 10 -3 -10 -5 -7 -13 -14
right_child=2 4 -4 7 -6 11 -8 -9 9 -11 -12 12 13 -15
leaf_value=0.050990746667698351 -0.026317607553958258 0.007257720765159778 -0.050163304808218283 0.023732336261918306 0.0013894613482724513 -0.016785552600663205 -0.017699256482921887 0.02575937540773636 0.0045391290673928606 0.0059107239325629649 0.022179215318531825 -0.01930483200567891 -0.016857388191423777 -0.018650214388228645
leaf_weight=0.0037697817897424111 0.0010124270484084272 0.0029723035404458651 0.0043137416942045084 0.0025544493109919131 0.0020555288356263199 0.0012425366439856598 0.001250610061106272 0.0045539196580648422 0.0039466538000851887 0.0060739337932318432 0.0021065365872345865 0.002702874131500721 0.0025740859564393759 0.0033822841942310333
leaf_count=9 7 2 119 2 6 2 3 2 3 4 2 4 4 5
internal_value=0.00113317 0.0176619 -0.0269853 0.0321051 0.00519948 -0.0187662 -0.0215549 0.024379 0.00580224 0.00537052 0.0230304 -0.0181288 -0.0183216 -0.0178754
internal_weight=0.0445117 0.0280331 0.0164786 0.0129847 0.0150484 0.0121648 0.00226304 0.00921491 0.0129929 0.0100206 0.00466099 0.00990178 0.00865924 0.00595637
internal_count=174 30 144 15 15 25 10 6 9 7 4 15 13 9
is_linear=0
shrinkage=0.05


Tree=136
num_leaves=15
num_cat=0
split_feature=2 2 2 2 16 1 3 1 16 2 2 2 3 3
split_gain=0.00795242 0.0018892 0.001206 0.000726451 1.14049e-05 1.02374e-05 6.69724e-06 6.02976e-06 1.79666e-06 9.95274e-07 6.04205e-07 4.91421e-07 5.14867e-07 5.67498e-08
threshold=10.500000000000002 5.5000000000000009 20.500000000000004 3.5000000000000004 2.5000000000000004 2.5000000000000004 34.500000000000007 2.5000000000000004 3.5000000000000004 4.5000000000000009 16.500000000000004 9.5000000000000018 61.500000000000007 62.500000000000007
decision_type=2 2 2 2 2 2 2 2 2 2 2 2 2 2
left_child=1 3 5 -1 11 6 -2 9 10 -5 -7 12 -3 -12
right_child=2 4 -4 7 -6 8 -8 -9 -10 -11 13 -13 -14 -15
leaf_value=0.050970161532285577 -0.018965206926122573 0.0060241787383954774 -0.050156987536820678 0.023826545349965124 0.0014559497437101714 -0.017478511269231226 -0.02352283173591864 0.025749337177010008 -0.016102360225324314 0.022337103293620372 -0.018163834650644913 0.004955215172961428 0.0052030429091346172 -0.018576182294107599
leaf_weight=0.0036240529843780686 0.0017660432495176801 0.0055902769090607762 0.0041637644008005745 0.0024817289668135345 0.0019982877856818968 0.0026417450862936676 0.0014828243765805382 0.0044208362232893705 0.0014147722977213562 0.002046480163699016 0.0011883140541613102 0.0025750198401510724 0.0028989409329369664 0.0028016804135404527
leaf_count=9 3 4 118 2 6 4 9 2 2 2 2 2 2 4
internal_value=0.00116866 0.018249 -0.0271554 0.032084 0.00493238 -0.0186764 -0.0210454 0.0244358 -0.01772 0.0231534 -0.018065 0.00556025 0.00574377 -0.0184534
internal_weight=0.0410948 0.0256356 0.0154591 0.0125731 0.0130625 0.0112954 0.00324887 0.00894905 0.00804651 0.00452821 0.00663174 0.0110642 0.00848922 0.00398999
internal_count=171 29 142 15 14 24 12 6 12 4 10 8 6 6
is_linear=0
shrinkage=0.05


Tree=137
num_leaves=15
num_cat=0
split_feature=2 2 2 2 17 2 20 1 1 2 3 2 1 2
split_gain=0.00721486 0.00175702 0.00110897 0.000620181 1.426e-05 8.5914e-06 8.055e-06 5.85761e-06 1.88616e-06 1.39716e-06 9.62408e-07 7.95416e-07 6.86974e-07 2.65379e-07
threshold=10.500000000000002 5.5000000000000009 20.500000000000004 3.5000000000000004 15.000000000000002 6.5000000000000009 8.5000000000000018 2.5000000000000004 1.5000000000000002 18.500000000000004 33.500000000000007 7.5000000000000009 2.5000000000000004 16.500000000000004
decision_type=2 2 2 2 2 2 2 2 2 2 2 2 2 2
left_child=1 3 6 -1 -5 -3 -2 8 -7 10 -8 -10 -12 -14
right_child=2 5 -4 4 -6 7 9 -9 11 -11 12 -13 13 -15
leaf_value=0.050978183082400721 -0.021670866340565038 0.0071043442712704508 -0.05015354665725457 0.021817582653856228 0.026493734908717589 0.0043989326721779413 -0.019008373677843336 0.0052354006394588056 0.0028441378894307691 -0.019793438656183156 -0.016558850586922129 0.0012650009366948225 -0.017595249611256854 -0.018368519342214628
leaf_weight=0.0033304778771707788 0.0021172919296077461 0.0027963778702542194 0.0038652174716844465 0.0025825932971201837 0.0044217109680175781 0.0011008149012923241 0.0017073560156859457 0.0042148438515141606 0.0014917960070306435 0.0012219739146530628 0.0011428230791352689 0.0017132409702753648 0.002554564387537539 0.0019614945049397647
leaf_count=8 10 2 115 3 2 1 3 3 2 2 2 4 4 3
internal_value=4.96454e-06 0.0183107 -0.0271971 0.0332155 0.0247696 0.00469957 -0.0189086 0.00391035 0.00261331 -0.0182276 -0.0179679 0.00200002 -0.017654 -0.0179311
internal_weight=0.0362226 0.0216519 0.0145707 0.0103348 0.0070043 0.0113171 0.0107055 0.0085207 0.00430585 0.00858821 0.00736624 0.00320504 0.00565888 0.00451606
internal_count=164 25 139 13 5 12 24 10 7 14 12 6 9 7
is_linear=0
shrinkage=0.05


Tree=138
num_leaves=15
num_cat=0
split_feature=2 2 2 2 3 1 3 16 2 15 4 3 2 2
split_gain=0.00667828 0.00160904 0.0011306 0.000550402 1.37886e-05 8.33279e-06 5.90226e-06 5.60642e-06 2.66764e-06 2.49415e-06 1.26936e-06 6.97936e-07 4.07308e-07 1.47929e-07
threshold=10.500000000000002 5.5000000000000009 20.500000000000004 3.5000000000000004 59.000000000000007 2.5000000000000004 34.500000000000007 2.5000000000000004 6.5000000000000009 1.5000000000000002 1.0000000180025095e-35 61.500000000000007 18.500000000000004 12.500000000000002
decision_type=2 2 2 2 2 2 2 2 2 2 2 2 2 2
left_child=1 3 5 -1 -5 6 -2 8 -3 -7 -10 -12 13 -11
right_child=2 7 -4 4 -6 9 -8 -9 10 12 11 -13 -14 -15
leaf_value=0.050905779025882107 -0.019066700497811909 0.0070134201550145995 -0.050149612182063236 0.020713972178755292 0.02579346105921821 -0.016356997892099764 -0.023494679286613928 0.002590893208284466 0.0044991550024998271 -0.017763361801239583 0.0062551752169354409 0.0051336175201954024 -0.019107509185515681 -0.018391498579417114
leaf_weight=0.0028038939090038184 0.0016513686859980234 0.0027109145885333428 0.0038283168505586227 0.0019662751001305878 0.0041683792369440198 0.0017570620984770358 0.0013827029943058733 0.0017325750814052307 0.0036166352219879645 0.0012453300878405571 0.0028174701146781427 0.0027322953101247549 0.0018279707292094827 0.0037895797286182642
leaf_count=6 3 2 118 2 2 3 9 5 3 2 2 2 3 6
internal_value=-0.00128953 0.0160723 -0.0265752 0.0325535 0.0241654 -0.0188311 -0.0210846 0.00524794 0.00563553 -0.0180379 0.00522802 0.005703 -0.0184682 -0.0182361
internal_weight=0.0380308 0.0225484 0.0154823 0.00893855 0.00613465 0.011654 0.00303407 0.0136099 0.0118773 0.00861994 0.0091664 0.00554977 0.00686288 0.00503491
internal_count=168 24 144 10 4 26 12 14 9 14 7 4 11 8
is_linear=0
shrinkage=0.05


Tree=139
num_leaves=15
num_cat=0
split_feature=2 2 2 2 16 1 16 1 2 15 4 2 3 2
split_gain=0.00737553 0.00179005 0.00113309 0.000631973 1.10231e-05 8.14846e-06 5.68736e-06 4.32103e-06 2.44319e-06 2.11309e-06 1.46884e-06 8.952e-07 5.78031e-07 3.77667e-07
threshold=10.500000000000002 5.5000000000000009 20.500000000000004 3.5000000000000004 2.5000000000000004 2.5000000000000004 2.5000000000000004 2.5000000000000004 6.5000000000000009 1.5000000000000002 1.0000000180025095e-35 4.5000000000000009 61.500000000000007 18.500000000000004
decision_type=2 2 2 2 2 2 2 2 2 2 2 2 2 2
left_child=1 3 5 -1 8 6 -2 11 -3 -7 -10 -5 -12 -11
right_child=2 4 -4 7 -6 9 -8 -9 10 13 12 -13 -14 -15
leaf_value=0.050920785155847803 -0.023656779039997199 0.0068763328395582196 -0.050145752277093329 0.024157945892655974 0.0013671255031037831 -0.016794763943292171 -0.019212375226446598 0.02578740353352384 0.0043476158995323913 -0.018313260912005854 0.0061711620555820286 0.022682725714519635 0.0051352464876426099 -0.019166538355383962
leaf_weight=0.0031674335259594963 0.0012599084893736298 0.0026313968701288113 0.003813091345364227 0.0022771225485485047 0.0018365011201240131 0.0023460757220163941 0.0016791800917417277 0.0040480755269527435 0.0035180922131985443 0.0048678247258067131 0.0027351262979209406 0.0018752278410829604 0.0026525887660682201 0.0017677001305855811
leaf_count=8 8 2 122 2 6 4 4 2 3 8 2 2 2 3
internal_value=0.0003439 0.0173645 -0.0264212 0.0319518 0.00496504 -0.0188324 -0.0211176 0.024625 0.00553776 -0.0180846 0.00514225 0.0234917 0.00566114 -0.0185406
internal_weight=0.0404753 0.0247416 0.0157338 0.0113679 0.0133737 0.0119207 0.00293909 0.00820043 0.0115372 0.0089816 0.00890581 0.00415235 0.00538772 0.00663552
internal_count=178 29 149 14 15 27 12 6 9 15 7 4 4 11
is_linear=0
shrinkage=0.05


Tree=140
num_leaves=15
num_cat=0
split_feature=2 2 2 2 16 21 17 1 2 4 2 2 2 2
split_gain=0.00664736 0.00173642 0.000977279 0.000613689 8.10143e-06 6.85718e-06 1.26031e-05 3.85148e-06 2.24086e-06 1.46158e-06 8.02793e-07 7.29062e-07 4.93e-07 4.78697e-07
threshold=10.500000000000002 5.5000000000000009 20.500000000000004 3.5000000000000004 2.5000000000000004 3.5000000000000004 49.000000000000007 2.5000000000000004 6.5000000000000009 1.0000000180025095e-35 4.5000000000000009 14.500000000000002 16.500000000000004 8.5000000000000018
decision_type=2 2 2 2 2 2 2 2 2 2 2 2 2 2
left_child=1 3 5 -1 8 11 -7 10 -3 -10 -5 -2 -8 -11
right_child=2 4 -4 7 -6 6 12 -9 9 13 -12 -13 -14 -15
leaf_value=0.050891836684056252 -0.016532485109084061 0.0067760593039913461 -0.050140246692786897 0.024222982860224278 0.0017216268162054454 -0.023339308316091434 -0.01772982924937596 0.025782066662419573 0.0042859937672362815 0.0051298292116596384 0.02280548602068801 -0.017933445719927065 -0.018822632106992979 0.0060866290977473966
leaf_weight=0.0030992154752311771 0.0021325317793525755 0.0025525746168568739 0.0033343523482471946 0.0022117533662822098 0.0016500649726367564 0.001818133099732222 0.001784274005331099 0.0039312648586928844 0.0034178248606622236 0.0025751150678843242 0.0018214143929071724 0.0016449940158054233 0.0024480487918481231 0.00265510194003582
leaf_count=9 4 2 111 2 5 10 3 2 3 2 2 3 4 2
internal_value=0.00178715 0.0174937 -0.0267498 0.0320143 0.00499246 -0.018814 -0.0198576 0.0246684 0.00547431 0.00509009 0.0235828 -0.0171426 -0.0183619 0.00561555
internal_weight=0.0370767 0.0239143 0.0131623 0.0110636 0.0128507 0.00982798 0.00605046 0.00796443 0.0112006 0.00864804 0.00403317 0.00377753 0.00423232 0.00523022
internal_count=164 29 135 15 14 24 17 6 9 7 4 7 7 4
is_linear=0
shrinkage=0.05


Tree=141
num_leaves=15
num_cat=0
split_feature=2 2 2 2 16 1 3 3 2 15 4 2 2 3
split_gain=0.00599521 0.00153241 0.00096394 0.00053024 8.09523e-06 7.77646e-06 6.01656e-06 5.66238e-06 3.00824e-06 1.86722e-06 4.64388e-07 3.59008e-07 1.17447e-07 1.63603e-07
threshold=10.500000000000002 5.5000000000000009 20.500000000000004 3.5000000000000004 2.5000000000000004 2.5000000000000004 56.000000000000007 34.500000000000007 6.5000000000000009 1.5000000000000002 1.0000000180025095e-35 18.500000000000004 12.500000000000002 62.500000000000007
decision_type=2 2 2 2 2 2 2 2 2 2 2 2 2 2
left_child=1 3 5 -1 8 7 -5 -2 -3 -7 -10 12 -11 -14
right_child=2 4 -4 6 -6 9 -8 -9 10 11 -12 -13 13 -15
leaf_value=0.050851196834101359 -0.019210901312049875 0.0066948552292164475 -0.050136430598068084 0.025424282070667544 0.0014828487233540788 -0.016729063963812088 0.022101703483571905 -0.023762076055296066 0.0042394481186402901 -0.017926036254308511 0.0050516337285417944 -0.019235375179155894 -0.019005671310694357 -0.018233494001454704
leaf_weight=0.0027484322636155412 0.0014944812282919884 0.0024770267773419619 0.0032993667255141199 0.0033443998545408249 0.0017352289869450041 0.0017070633475668728 0.0022991897421889007 0.001259308115550084 0.0033210348337888726 0.0011230731615796685 0.0037442758912220589 0.0016527173283975571 0.0011090307380072773 0.0017981535056605935
leaf_count=8 3 2 114 2 6 3 3 9 3 2 3 3 2 3
internal_value=-0.000925353 0.0166631 -0.0266601 0.0328414 0.00462427 -0.0190243 0.0240707 -0.0212922 0.00519552 -0.0181792 0.00466987 -0.0186148 -0.0183603 -0.0185281
internal_weight=0.0331128 0.0196696 0.0134432 0.00839202 0.0112776 0.0101438 0.00564359 0.00275379 0.00954234 0.00739004 0.00706531 0.00568297 0.00403026 0.00290718
internal_count=166 27 139 13 14 25 5 12 8 13 6 10 7 5
is_linear=0
shrinkage=0.05


Tree=142
num_leaves=15
num_cat=0
split_feature=2 2 2 2 1 3 20 3 15 2 1 2 2 3
split_gain=0.00561212 0.00131566 0.000943424 0.000395556 8.39526e-06 6.71712e-06 6.63355e-06 4.34239e-06 1.19422e-06 1.12904e-06 5.09434e-07 3.02104e-07 1.41728e-07 3.12565e-07
threshold=10.500000000000002 5.5000000000000009 20.500000000000004 3.5000000000000004 2.5000000000000004 34.500000000000007 8.5000000000000018 59.000000000000007 1.5000000000000002 6.5000000000000009 1.5000000000000002 18.500000000000004 12.500000000000002 36.500000000000007
decision_type=2 2 2 2 2 2 2 2 2 2 2 2 2 2
left_child=1 3 4 -1 5 -2 -3 -5 -6 -8 -11 12 -10 -14
right_child=2 6 -4 7 8 -7 9 -9 11 10 -12 -13 13 -15
leaf_value=0.050900640882698446 -0.019261658419911145 0.0016312499005959409 -0.050132464867251939 0.022921037352579565 -0.017341479352174189 -0.024270761329986033 0.0061321667037496797 0.025961663356406147 -0.018010444768117698 0.0055649934126464429 0.0046165585230427955 -0.019308606681588087 -0.019364855923646937 -0.018330063506229462
leaf_weight=0.0020232731149008023 0.001445584843168036 0.0014831459120614463 0.0031817186481930557 0.0017168509657494724 0.0021281391382217407 0.0012462659360608086 0.0025321513676317409 0.0037149820709601045 0.0010859856847673655 0.0020064093987457454 0.0048101524589583278 0.0015991991676855832 0.0010845391661860049 0.0022307292674668133
leaf_count=7 3 4 114 2 4 10 3 2 2 2 4 3 2 4
internal_value=-0.00237632 0.015864 -0.0261983 0.0320297 -0.0191606 -0.0215808 0.00473778 0.0250006 -0.0183591 0.00523062 0.00489572 -0.01872 -0.0185062 -0.0186686
internal_weight=0.0322891 0.018287 0.0140022 0.00745511 0.0108204 0.00269185 0.0108319 0.00543183 0.00812859 0.00934871 0.00681656 0.00600045 0.00440125 0.00331527
internal_count=166 24 142 11 28 13 13 4 15 9 6 11 8 6
is_linear=0
shrinkage=0.05


Tree=143
num_leaves=15
num_cat=0
split_feature=2 2 2 2 16 21 17 17 15 2 2 2 2 4
split_gain=0.0059397 0.00127558 0.000916676 0.000425427 9.05928e-06 7.89336e-06 9.10636e-06 5.84874e-06 2.2922e-06 1.15217e-06 3.76781e-07 2.87511e-07 1.59359e-08 2.43378e-09
threshold=10.500000000000002 5.5000000000000009 20.500000000000004 3.5000000000000004 2.5000000000000004 3.5000000000000004 49.000000000000007 15.000000000000002 3.5000000000000004 7.5000000000000009 12.500000000000002 14.500000000000002 18.500000000000004 1.0000000180025095e-35
decision_type=2 2 2 2 2 2 2 2 2 2 2 2 2 2
left_child=1 3 5 13 8 11 -7 -5 9 -3 -8 -2 -12 -1
right_child=2 4 -4 7 -6 6 10 -9 -10 -11 12 -13 -14 -15
leaf_value=0.05073297051877599 -0.016782576882761902 0.0054287996897154208 -0.050128434134402468 0.022716459402839201 0.0013505479362841716 -0.02335564509379837 -0.018100292736499508 0.025954757718493343 0.0066855112082330366 0.0039086553355086691 -0.019115318442895289 -0.017703641435377431 -0.019360292863110813 0.050841091795150929
leaf_weight=0.001083440613001585 0.0019300826243124902 0.0032751162070780993 0.0032370829521823916 0.0019143263343721628 0.0016382196408812888 0.0016441956395283341 0.0010503511875867844 0.0051332553848624229 0.0025085218949243426 0.0020123686408624053 0.0016840960015542805 0.0015101843164302409 0.0010958211496472359 0.0010016619889938738
leaf_count=3 4 3 121 2 6 10 2 3 2 2 3 3 2 3
internal_value=-0.000162053 0.0176249 -0.0273389 0.030945 0.00473053 -0.0190637 -0.0202431 0.0250751 0.00544078 0.00485025 -0.0189071 -0.0171869 -0.0192119 0.0507849
internal_weight=0.0307187 0.0185669 0.0121518 0.00913268 0.00943423 0.00891473 0.00547446 0.00704758 0.00779601 0.00528748 0.00383027 0.00344027 0.00277992 0.0020851
internal_count=169 24 145 11 13 24 17 5 7 5 7 7 5 6
is_linear=0
shrinkage=0.05


Tree=144
num_leaves=15
num_cat=0
split_feature=2 2 2 2 20 3 17 1 2 2 2 2 2 2
split_gain=0.00602598 0.00136515 0.000855654 0.000481958 1.13437e-05 8.29414e-06 5.59557e-06 3.38269e-06 7.48698e-07 7.29517e-07 4.26809e-07 1.60658e-06 1.23898e-06 9.1883e-08
threshold=10.500000000000002 5.5000000000000009 20.500000000000004 3.5000000000000004 8.5000000000000018 37.500000000000007 49.000000000000007 2.5000000000000004 8.5000000000000018 4.5000000000000009 13.500000000000002 12.500000000000002 16.500000000000004 18.500000000000004
decision_type=2 2 2 2 2 2 2 2 2 2 2 2 2 2
left_child=1 3 4 -1 -2 8 -7 9 -3 -5 11 -6 -12 -14
right_child=2 5 -4 7 10 6 -8 -9 -10 -11 12 -13 13 -15
leaf_value=0.050826972617162458 -0.023888845119558647 0.0050285941604922314 -0.050124392365965512 0.024461442428701841 -0.018205502294472674 0.00043762116790057708 0.0048767490256967239 0.025998901518714691 0.0060978056430550974 0.023028966662410059 -0.017465500499998406 -0.020788746877586393 -0.018820245051553025 -0.019369328169037334
leaf_weight=0.0023969469657458831 0.0012448173074517399 0.0031939808977767825 0.003084660886088387 0.0019699099648278207 0.0014650376106146723 0.0016379219741793349 0.0012529023224487901 0.0035049186553806067 0.0033592506079003215 0.0016194761847145855 0.0019097936165053397 0.0010215817019343376 0.001552824629470706 0.0014958458777982742
leaf_count=8 9 3 120 2 3 6 1 2 3 2 4 2 3 3
internal_value=0.000585829 0.0180513 -0.0275014 0.0314432 -0.0194709 0.00459254 0.00236157 0.024894 0.00557668 0.0238151 -0.0187322 -0.0192668 -0.0184641 -0.0190897
internal_weight=0.0307099 0.0189353 0.0117746 0.00949125 0.0086899 0.00944406 0.00289082 0.0070943 0.00655323 0.00358939 0.00744508 0.00248662 0.00495846 0.00304867
internal_count=171 27 144 14 24 13 7 6 6 4 15 5 10 6
is_linear=0
shrinkage=0.05


Tree=145
num_leaves=15
num_cat=0
split_feature=2 2 2 2 16 1 16 1 2 16 2 2 2 15
split_gain=0.00595309 0.00145415 0.00086302 0.000500039 8.26598e-06 4.47975e-06 6.65571e-06 2.85792e-06 1.17862e-06 1.1719e-06 6.50896e-07 3.95062e-07 3.61322e-07 6.74647e-08
threshold=10.500000000000002 5.5000000000000009 20.500000000000004 3.5000000000000004 1.5000000000000002 2.5000000000000004 2.5000000000000004 2.5000000000000004 6.5000000000000009 3.5000000000000004 4.5000000000000009 8.5000000000000018 18.500000000000004 3.5000000000000004
decision_type=2 2 2 2 2 2 2 2 2 2 2 2 2 2
left_child=1 3 5 -1 8 6 -2 10 -3 12 -5 -10 13 -7
right_child=2 4 -4 7 -6 9 -8 -9 11 -11 -12 -13 -14 -15
leaf_value=0.050802152399155046 -0.024017500022351718 0.0064586377784643188 -0.050120638453539867 0.024534835426785823 0.0021297528827345057 -0.018201068681235357 -0.018677396977734191 0.025952432255182734 0.0047355000678905761 -0.016942987414427516 0.023162542712612314 0.0055925299646265208 -0.01933148455694839 -0.018638347726508773
leaf_weight=0.0025595404877094552 0.0010342862387915375 0.0021964844781905413 0.0029731061040365611 0.0019150016887579113 0.0024186961745726876 0.0013468607794493437 0.001338745525572449 0.0034005286870524287 0.0032502376707270741 0.0010460451012477279 0.0015745619457447901 0.0022935151355341077 0.0018781456456054002 0.002555984043283388
leaf_count=9 8 2 121 2 7 3 3 2 3 2 2 2 4 5
internal_value=0.000763002 0.0178133 -0.0267016 0.0319311 0.00468116 -0.0191335 -0.0210049 0.0249209 0.00547843 -0.018483 0.0239156 0.00509006 -0.0187617 -0.0184874
internal_weight=0.0317817 0.0196086 0.0121732 0.00944963 0.0101589 0.00920007 0.00237303 0.00689009 0.00774024 0.00682704 0.00348956 0.00554375 0.00578099 0.00390284
internal_count=175 29 146 15 14 25 11 6 7 14 4 5 12 8
is_linear=0
shrinkage=0.05


Tree=146
num_leaves=15
num_cat=0
split_feature=2 2 2 2 16 3 21 17 3 2 2 2 2 3
split_gain=0.00566566 0.00131474 0.000768201 0.000465711 7.74093e-06 5.34592e-06 1.40552e-05 2.64031e-06 5.0093e-06 1.59409e-06 1.34185e-06 6.03221e-07 4.33158e-07 1.0725e-07
threshold=10.500000000000002 5.5000000000000009 20.500000000000004 3.5000000000000004 2.5000000000000004 34.500000000000007 8.5000000000000018 49.000000000000007 56.000000000000007 9.5000000000000018 13.500000000000002 6.5000000000000009 17.500000000000004 33.500000000000007
decision_type=2 2 2 2 2 2 2 2 2 2 2 2 2 2
left_child=1 3 5 -1 9 10 -7 8 -5 11 13 -3 -8 -2
right_child=2 4 -4 7 -6 6 12 -9 -10 -11 -12 -13 -14 -15
leaf_value=0.05081050052263341 -0.019421304574724827 0.0063718239847801814 -0.050118363983867681 0.02567037565927989 0.0013441123343894237 -0.025843809897365441 -0.018553929970314378 0.026577872111791179 0.022410165374956145 0.0040411261796446983 -0.01719999623805302 0.0052962390350024769 -0.019784383407603825 -0.018792025665269413
leaf_weight=0.0023524895113951061 0.0012649707496166229 0.0021312268218025565 0.0027837769121106257 0.0028930839616805315 0.0015026687033241615 0.0010850163926079404 0.0014504821738228202 0.0018114858539775014 0.0019877264567185193 0.0019232413033023477 0.001446706592105329 0.0033565633930265903 0.0014110465126577765 0.0014569603954441845
leaf_count=8 3 2 116 2 6 10 3 1 3 2 3 3 3 3
internal_value=0.000984811 0.0182441 -0.0274538 0.0316744 0.00461635 -0.0196791 -0.0209981 0.0249477 0.0243426 0.00527984 -0.0184305 0.00571395 -0.0191607 -0.0190845
internal_weight=0.0288574 0.0179585 0.010899 0.00904479 0.0089137 0.00811518 0.00394655 0.0066923 0.00488081 0.00741103 0.00416864 0.00548779 0.00286153 0.00272193
internal_count=168 27 141 14 13 25 16 6 5 7 9 5 6 6
is_linear=0
shrinkage=0.05


Tree=147
num_leaves=15
num_cat=0
split_feature=2 2 2 2 17 1 1 2 2 15 2 17 2 2
split_gain=0.00522221 0.0012608 0.000780741 0.000402791 8.607e-06 6.24915e-06 3.55717e-06 4.78531e-06 9.16472e-07 6.80525e-07 1.73312e-07 7.72249e-09 1.27811e-09 2.84295e-10
threshold=10.500000000000002 5.5000000000000009 20.500000000000004 3.5000000000000004 15.000000000000002 2.5000000000000004 2.5000000000000004 8.5000000000000018 18.500000000000004 1.5000000000000002 16.500000000000004 49.000000000000007 8.5000000000000018 48.500000000000007
decision_type=2 2 2 2 2 2 2 2 2 2 2 2 2 2
left_child=1 3 5 11 -5 -2 7 -3 9 -7 -11 -1 -8 -4
right_child=2 6 13 4 -6 8 12 -9 -10 10 -12 -13 -14 -15
leaf_value=0.050648240012998919 -0.021958995707914146 0.0044687066400899674 -0.050132576092626217 0.022572809776811462 0.026771986120543996 -0.017371775951102602 0.0055466893095516391 0.00052018038195475816 -0.019803993546191147 -0.018369900058177801 -0.019108096707427753 0.050836511647338212 0.0054928788534574753 -0.05010017478748674
leaf_weight=0.0010118928075826253 0.0018355075553699862 0.0030337669304572046 0.0011247230213484727 0.0019328329362906516 0.0033101513981819153 0.0014006513811182231 0.0022523029474541545 0.0010271114151692018 0.0012796354712918401 0.0018274218309670687 0.0014074998034629971 0.0011795898317359388 0.002163509139791131 0.0017006465732265497
leaf_count=5 11 4 52 3 2 3 2 3 3 4 3 3 2 71
internal_value=-0.000381244 0.0177192 -0.0276125 0.0327482 0.025224 -0.0194103 0.00453809 0.00347001 -0.0186194 -0.0182925 -0.0186911 0.0507496 0.00552033 -0.0501131
internal_weight=0.0264872 0.0159112 0.0105761 0.00743447 0.00524298 0.00775072 0.00847669 0.00406088 0.00591521 0.00463557 0.00323492 0.00219148 0.00441581 0.00282537
internal_count=171 24 147 13 5 24 11 7 13 10 7 8 4 123
is_linear=0
shrinkage=0.05


Tree=148
num_leaves=14
num_cat=0
split_feature=2 2 2 2 1 17 4 17 2 15 2 2 2
split_gain=0.00501298 0.00109408 0.000785268 0.000314656 5.97588e-06 5.27741e-06 7.66619e-06 3.6462e-06 2.96023e-06 8.15835e-07 1.8649e-07 4.71861e-08 2.70497e-10
threshold=10.500000000000002 5.5000000000000009 20.500000000000004 3.5000000000000004 2.5000000000000004 15.000000000000002 1.0000000180025095e-35 15.000000000000002 9.5000000000000018 1.5000000000000002 16.500000000000004 18.500000000000004 48.500000000000007
decision_type=2 2 2 2 2 2 2 2 2 2 2 2 2
left_child=1 3 4 -1 -2 6 -3 -5 -7 -6 -11 -12 -4
right_child=2 5 12 7 9 8 -8 -9 -10 10 11 -13 -14
leaf_value=0.050776417851289918 -0.022065209848145903 0.0047538868505007676 -0.050129199826903316 0.023158423122281092 -0.017850842939429862 0.0065955848700317496 0.00029234866643385542 0.025906539171795612 0.0040436616834026058 -0.018772785486611005 -0.019184869022695297 -0.019605056071473188 -0.050097655824042492
leaf_weight=0.0014923314593033856 0.0017460970993852243 0.0028314616065472356 0.0011822436799775468 0.0016590844606980681 0.0017463846306782216 0.0030449699843302369 0.0014589406855520801 0.0044296459527686238 0.0018130330718122423 0.0022439870517700911 0.0013621721009258181 0.0013113634486217052 0.0015985811933205696
leaf_count=7 10 3 55 2 4 3 6 3 2 5 3 3 70
internal_value=-0.00117353 0.0161545 -0.0270776 0.0302008 -0.0194614 0.00451462 0.00323675 0.0251577 0.00564319 -0.0187792 -0.0191089 -0.019391 -0.0501111
internal_weight=0.0279203 0.0167295 0.0111908 0.00758106 0.00841 0.00914841 0.0042904 0.00608873 0.004858 0.00666391 0.00491752 0.00267354 0.00278082
internal_count=176 26 150 12 25 14 9 5 5 15 11 6 125
is_linear=0
shrinkage=0.05


Tree=149
num_leaves=15
num_cat=0
split_feature=2 2 2 2 16 1 1 2 1 2 15 3 17 2
split_gain=0.00498852 0.00128474 0.000682394 0.000430401 6.37611e-06 5.84664e-06 2.84641e-06 1.51438e-06 1.15288e-06 5.98974e-07 4.73481e-07 6.1627e-08 3.51377e-09 1.5193e-10
threshold=10.500000000000002 5.5000000000000009 20.500000000000004 3.5000000000000004 2.5000000000000004 2.5000000000000004 2.5000000000000004 6.5000000000000009 2.5000000000000004 4.5000000000000009 1.5000000000000002 62.500000000000007 49.000000000000007 52.500000000000007
decision_type=2 2 2 2 2 2 2 2 2 2 2 2 2 2
left_child=1 3 5 12 7 -2 9 -3 -9 -5 -7 -12 -1 -4
right_child=2 4 13 6 -6 10 -8 8 -10 -11 11 -13 -14 -15
leaf_value=0.05067649133423572 -0.022047099299556817 0.0062474323332828456 -0.050119951057530747 0.024550978460266982 0.0013443552335268239 -0.01799381872198989 0.026076170439788545 0.0038633935117753874 0.005305825637870981 0.02315395760483584 -0.019180568060616923 -0.01878302467247249 0.050802687391413498 -0.05009471464418274
leaf_weight=0.0011129488739243243 0.0016912419414438773 0.0019453244749456644 0.0010647526269167429 0.001701599161606282 0.0013761134541709907 0.0016907241952139884 0.0030303755775094032 0.002618109923787415 0.0029417818295769393 0.0013973167515359819 0.0020882905228063464 0.0018283930257894099 0.001093605300411582 0.0013557902802858735
leaf_count=6 10 2 52 2 6 4 2 3 3 2 5 4 3 61
internal_value=0.00153862 0.0177053 -0.0271 0.0318034 0.00447305 -0.0194703 0.0249866 0.00504671 0.0046266 0.0239211 -0.0186931 -0.018995 0.050739 -0.0501058
internal_weight=0.0269364 0.0172172 0.00971919 0.00833585 0.00888133 0.00729865 0.00612929 0.00750522 0.00555989 0.00309892 0.00560741 0.00391668 0.00220655 0.00242054
internal_count=165 29 136 15 14 23 6 8 6 4 13 9 9 113
is_linear=0
shrinkage=0.05


Tree=150
num_leaves=15
num_cat=0
split_feature=2 2 2 2 16 1 1 2 15 2 2 2 2 2
split_gain=0.00471602 0.00106011 0.000712094 0.000316087 6.18899e-06 2.68668e-06 2.56442e-06 1.16544e-06 5.94282e-07 5.81557e-07 5.38232e-07 2.36045e-07 2.04695e-07 4.4285e-08
threshold=10.500000000000002 5.5000000000000009 20.500000000000004 3.5000000000000004 2.5000000000000004 2.5000000000000004 2.5000000000000004 9.5000000000000018 1.5000000000000002 6.5000000000000009 4.5000000000000009 7.5000000000000009 16.500000000000004 18.500000000000004
decision_type=2 2 2 2 2 2 2 2 2 2 2 2 2 2
left_child=1 3 5 -1 7 -2 10 9 -7 -3 -5 -11 -10 -14
right_child=2 4 -4 6 -6 8 -8 -9 12 11 -12 -13 13 -15
leaf_value=0.050733238057432385 -0.021071311526261627 0.0061549091573607625 -0.050104462322888448 0.024590688559543297 0.001400968196481112 -0.018136314836782075 0.02606029187798908 0.0039488209229442866 -0.018838551078799264 0.0046616405762976683 0.023247070124467369 0.0054463189774294962 -0.019340582748594268 -0.019761175252099514
leaf_weight=0.0014940339460736132 0.0019900036968465429 0.0018874779343605042 0.0025042187326107532 0.0016528907581232488 0.0013376173737924546 0.0016371590900234878 0.0029435553587973118 0.001710094977170229 0.0017205601907335222 0.0017815555329434574 0.0013574782060459256 0.0020743116037920117 0.0012758100929204375 0.0012285016127862036
leaf_count=7 10 2 121 2 6 4 2 2 4 2 2 2 3 3
internal_value=-0.000522813 0.0162914 -0.0268882 0.0301707 0.00453261 -0.0194839 0.0250109 0.00509462 -0.018945 0.00543579 0.0239848 0.00508377 -0.0192584 -0.0195469
internal_weight=0.0265953 0.016239 0.0103563 0.00744796 0.00879106 0.00785203 0.00595392 0.00745344 0.00586203 0.00574335 0.00301037 0.00385587 0.00422487 0.00250431
internal_count=172 27 145 13 14 24 6 8 14 6 4 4 10 6
is_linear=0
shrinkage=0.05


Tree=151
num_leaves=15
num_cat=0
split_feature=2 2 2 2 17 2 1 1 2 2 15 2 2 2
split_gain=0.00442812 0.00106335 0.000672597 0.000305206 2.9599e-06 5.83816e-06 2.68366e-06 2.25716e-06 1.89687e-06 8.11352e-07 8.19348e-07 6.24407e-07 4.83802e-07 7.14168e-08
threshold=10.500000000000002 5.5000000000000009 20.500000000000004 3.5000000000000004 15.000000000000002 7.5000000000000009 2.5000000000000004 2.5000000000000004 9.5000000000000018 16.500000000000004 3.5000000000000004 8.5000000000000018 4.5000000000000009 18.500000000000004
decision_type=2 2 2 2 2 2 2 2 2 2 2 2 2 2
left_child=1 3 6 -1 5 -3 -2 12 11 10 -8 -6 -5 -11
right_child=2 4 -4 7 8 -7 9 -9 -10 13 -12 -13 -14 -15
leaf_value=0.050751051065941438 -0.020925088670312016 0.0047996287080765785 -0.050101337409276116 0.024643578251234401 0.0053444030603970807 0.0005304159326624205 -0.017189452379860685 0.026036413515204471 0.0039277526210914097 -0.01914990833049568 -0.018894828061972485 0.0066271326223926444 0.023351377224540559 -0.019660397878264763
leaf_weight=0.001441588410671101 0.001916312819957966 0.0026791582786245272 0.0023125620309656369 0.0016062645881902426 0.0019999289652332664 0.0011421905946917832 0.0012211270804982632 0.0028586362022906542 0.0016610741731710732 0.0016054500883910805 0.0016641721304040402 0.0018049412174150348 0.0013192826736485586 0.0011951435590162873
leaf_count=7 10 4 116 2 2 4 3 2 2 4 4 2 2 3
internal_value=-7.62984e-05 0.0157827 -0.0264895 0.0301673 0.00459112 0.00352357 -0.0193069 0.0250372 0.00533747 -0.0187615 -0.0181731 0.0059529 0.0240609 -0.0193678
internal_weight=0.0264278 0.0165131 0.00991477 0.00722577 0.00928729 0.00382135 0.00760221 0.00578418 0.00546594 0.00568589 0.0028853 0.00380487 0.00292555 0.00280059
internal_count=167 27 140 13 14 8 24 6 6 14 7 4 4 7
is_linear=0
shrinkage=0.05


Tree=152
num_leaves=15
num_cat=0
split_feature=2 2 2 2 16 20 2 3 2 2 3 2 2 2
split_gain=0.00442791 0.00113972 0.000630318 0.000301013 5.47746e-06 5.0407e-06 1.32575e-06 1.02123e-06 7.8175e-07 7.23561e-07 7.20399e-07 8.72456e-07 4.22336e-08 1.42327e-10
threshold=10.500000000000002 5.5000000000000009 20.500000000000004 3.5000000000000004 2.5000000000000004 8.5000000000000018 6.5000000000000009 33.500000000000007 4.5000000000000009 12.500000000000002 36.500000000000007 16.500000000000004 8.5000000000000018 52.500000000000007
decision_type=2 2 2 2 2 2 2 2 2 2 2 2 2 2
left_child=1 3 5 -1 6 -2 -3 -8 -5 -7 -11 -12 -9 -4
right_child=2 4 13 8 -6 9 7 12 -10 10 11 -13 -14 -15
leaf_value=0.050656800123524075 -0.022181962608842087 0.0060588626703449548 -0.050111470762784473 0.026289682775543513 0.0013117294438566244 -0.01814039019714641 0.0037043576439618913 0.0048579199765727415 0.02508543056956862 -0.020508551116297527 -0.01792799875989241 -0.019671933776883394 0.0051966414075965903 -0.050086232766615904
leaf_weight=0.001550875529574113 0.0017414879821444629 0.0017779732588678598 0.0010797097675094847 0.0025950799463316798 0.0012641019857255751 0.0014426162233576179 0.0024004447041079402 0.0018127819057554007 0.0028035202849423513 0.0011446931166574359 0.0011235126003157347 0.0019829440570902079 0.0018691432778723538 0.0011574754935281817
leaf_count=7 12 2 57 2 6 4 3 2 3 3 3 5 2 59
internal_value=-9.90135e-05 0.0159859 -0.0268294 0.0312417 0.00436655 -0.019828 0.00485783 0.00450675 0.0256643 -0.019108 -0.0194363 -0.0190412 0.00502987 -0.0500984
internal_weight=0.0257464 0.0160739 0.00967244 0.00694948 0.00912445 0.00743525 0.00786034 0.00608237 0.0053986 0.00569377 0.00425115 0.00310646 0.00368193 0.00223719
internal_count=170 27 143 12 15 27 9 7 5 15 11 8 4 116
is_linear=0
shrinkage=0.05


Tree=153
num_leaves=15
num_cat=0
split_feature=2 2 2 2 1 15 1 2 21 15 2 2 2 18
split_gain=0.00433171 0.00101807 0.00061163 0.000323238 4.21337e-06 4.13336e-06 2.01389e-06 1.14131e-06 4.63321e-07 4.42886e-07 3.94785e-07 2.04434e-07 1.00321e-07 1.40786e-10
threshold=10.500000000000002 5.5000000000000009 20.500000000000004 3.5000000000000004 2.5000000000000004 3.5000000000000004 2.5000000000000004 16.500000000000004 5.5000000000000009 3.5000000000000004 4.5000000000000009 8.5000000000000018 18.500000000000004 86.000000000000014
decision_type=2 2 2 2 2 2 2 2 2 2 2 2 2 2
left_child=1 3 4 -1 -2 8 10 9 -3 -6 -5 -7 -9 -4
right_child=2 5 13 6 7 11 -8 12 -10 -11 -12 -13 -14 -15
leaf_value=0.05066101986072713 -0.021665550841996728 0.0052505102684624752 -0.050109132888452104 0.02463984367755085 -0.017351679511353434 0.0025717341840466117 0.026018943539677698 -0.019248894084053069 0.0042654480083036518 -0.018736005680310652 0.023437917169943642 0.0016076252117703787 -0.019832157229753285 -0.050083434117163844
leaf_weight=0.0015908461118669948 0.0018349357887927908 0.0022537470213137567 0.0010016848509621923 0.0015147701051319018 0.0011436367640271783 0.0011546606838237494 0.002697657560929656 0.0015037244884297252 0.0025378925565746613 0.0011676932917907834 0.0012444863241398707 0.0010497210096218623 0.001446319802198559 0.0011388430866645649
leaf_count=7 11 3 49 2 3 3 2 4 4 3 2 3 4 66
internal_value=-7.49408e-05 0.0174164 -0.0266689 0.0308291 -0.0196025 0.00390445 0.0250475 -0.018883 0.00472877 -0.018051 0.0240977 0.00211263 -0.0195349 -0.0500955
internal_weight=0.0232806 0.0140438 0.00923684 0.00704776 0.00709631 0.00699602 0.00545691 0.00526137 0.00479164 0.00231133 0.00275926 0.00220438 0.00295004 0.00214053
internal_count=166 26 140 13 25 13 6 14 7 6 4 6 8 115
is_linear=0
shrinkage=0.05


Tree=154
num_leaves=11
num_cat=0
split_feature=0 3 3 3 1 16 16 17 4 3
split_gain=0.00143274 0.000324251 0.000812649 0.000551377 0.000260533 0.000176664 9.61957e-05 8.7357e-05 3.09968e-05 2.55366e-05
threshold=2.5000000000000004 54.500000000000007 20.500000000000004 62.500000000000007 1.5000000000000002 1.5000000000000002 2.5000000000000004 6.5000000000000009 1.0000000180025095e-35 61.500000000000007
decision_type=2 2 2 2 2 2 2 2 2 2
left_child=5 2 4 9 -2 -1 -6 -4 -9 -3
right_child=1 3 7 -5 6 -7 -8 8 -10 -11
leaf_value=-0.050082794241100674 -0.0028623149488233362 0.025208517323578834 -0.021501862185254367 -0.010634598511809751 0.011974268011793189 -0.022356520640012562 0.025760007496410359 -0.016151759532830833 -0.0060751804129142431 0.018138795097132527
leaf_weight=0.0011577618306546347 0.0020765915105585009 0.002979192661769047 0.0019636630477180006 0.0016969321141004912 0.0028316724055912346 0.0011404418746678857 0.0022877989104017615 0.0010234708188363575 0.0030009424608579147 0.0022359850554494187
leaf_count=62 4 6 19 14 4 29 2 16 12 3
internal_value=0.00107371 0.00535052 0.000751853 0.014122 0.0120756 -0.0363241 0.0181349 -0.0128563 -0.00863781 0.0221774
internal_weight=0.0223945 0.0200962 0.0131841 0.00691211 0.00719606 0.0022982 0.00511947 0.00598808 0.00402441 0.00521518
internal_count=171 80 57 23 10 91 6 47 28 9
is_linear=0
shrinkage=0.05


Tree=155
num_leaves=15
num_cat=0
split_feature=2 2 2 2 1 15 17 2 2 2 2 1 2 2
split_gain=0.00405123 0.00108498 0.000607278 0.000359144 6.96739e-06 6.03661e-06 4.81087e-06 4.21473e-06 9.31396e-07 2.15901e-06 8.10263e-07 3.7183e-07 8.19027e-07 1.51632e-10
threshold=10.500000000000002 5.5000000000000009 20.500000000000004 3.5000000000000004 2.5000000000000004 3.5000000000000004 15.000000000000002 7.5000000000000009 8.5000000000000018 9.5000000000000018 16.500000000000004 2.5000000000000004 16.500000000000004 52.500000000000007
decision_type=2 2 2 2 2 2 2 2 2 2 2 2 2 2
left_child=1 3 5 -1 -5 11 7 -3 -8 -10 -7 -2 -13 -4
right_child=2 6 13 4 -6 10 8 -9 9 -11 -12 12 -14 -15
leaf_value=0.050675602253592147 -0.019089562642416569 0.0040268485073186189 -0.050105681245688788 0.021110895850533159 0.025496028130199369 -0.022488146590243768 0.0044307005017396438 0.00022374791811042937 0.0071268228952420971 0.0044891004519101649 -0.020774078593817302 -0.017085881780884497 -0.018956045746734391 -0.050079331866259617
leaf_weight=0.0018399029904685458 0.0015896105905994773 0.0024984527917695232 0.0010764437420220929 0.001399461631081067 0.0025680209510028362 0.0012413958702381933 0.0017877892241813242 0.0010283602896379307 0.0016191313043236732 0.0014893848565407097 0.0015507183070440078 0.0010794343834277242 0.001279231917578727 0.0011079988435085397
leaf_count=9 5 5 62 3 2 8 2 4 2 2 6 3 4 63
internal_value=-0.000772981 0.0157896 -0.0271817 0.0324167 0.0239492 -0.0197568 0.00432588 0.00291793 0.00534003 0.00586301 -0.0215362 -0.0184985 -0.0181002 -0.0500923
internal_weight=0.0231553 0.0142305 0.00892483 0.00580739 0.00396748 0.00674039 0.00842312 0.00352681 0.00489631 0.00310852 0.00279211 0.00394828 0.00235867 0.00218444
internal_count=180 29 151 14 5 26 15 9 6 4 14 12 7 125
is_linear=0
shrinkage=0.05


Tree=156
num_leaves=14
num_cat=0
split_feature=2 2 2 2 16 17 3 3 2 2 2 2 17
split_gain=0.0040571 0.00103044 0.000527701 0.000353021 5.04343e-06 4.53953e-06 1.66728e-06 7.75555e-07 4.32945e-07 4.13004e-07 5.35346e-07 4.10464e-07 5.59618e-11
threshold=10.500000000000002 5.5000000000000009 20.500000000000004 3.5000000000000004 2.5000000000000004 15.000000000000002 59.000000000000007 33.500000000000007 4.5000000000000009 12.500000000000002 14.500000000000002 8.5000000000000018 11.500000000000002
decision_type=2 2 2 2 2 2 2 2 2 2 2 2 2
left_child=1 3 5 -1 7 -2 8 -3 -5 -7 -11 -9 -4
right_child=2 4 12 6 -6 9 -8 11 -10 10 -12 -13 -14
leaf_value=0.050668009685392118 -0.022533986057779457 0.0040965070285350754 -0.050096807784040888 0.024274022560762706 0.0012647734035703664 -0.018564196161328348 0.025499664985251743 0.0048618947178859472 0.022971470208662005 -0.020569037330673803 -0.019126873852690681 0.0058750934930532454 -0.050080107906754913
leaf_weight=0.0017420176263840403 0.0014898898007231756 0.0021233034203760326 0.0010052833422378171 0.0014134994125925004 0.0011446428907220252 0.0012797882664017379 0.0024946532212197781 0.0024735813494771719 0.0011626922496361658 0.0010090242139995098 0.0017763429787009954 0.0016774857067503035 0.0010013439550675685
leaf_count=8 12 3 55 2 6 4 2 3 2 3 5 2 64
internal_value=0.00148457 0.0172096 -0.0281116 0.0312493 0.00431695 -0.020173 0.0245783 0.00487376 0.0236862 -0.0193077 -0.0196493 0.00527134 -0.0500885
internal_weight=0.0217935 0.0142319 0.00756167 0.00681286 0.00741901 0.00555505 0.00507084 0.00627437 0.00257619 0.00406516 0.00278537 0.00415107 0.00200663
internal_count=171 28 143 14 14 24 6 8 4 12 8 5 119
is_linear=0
shrinkage=0.05


Tree=157
num_leaves=13
num_cat=0
split_feature=2 2 2 2 20 3 1 2 2 15 2 2
split_gain=0.00371964 0.000882376 0.000540363 0.000270121 4.64363e-06 4.63753e-06 1.51036e-06 1.32745e-06 1.94452e-06 6.699e-07 3.87631e-07 1.44339e-07
threshold=10.500000000000002 5.5000000000000009 20.500000000000004 3.5000000000000004 8.5000000000000018 37.500000000000007 2.5000000000000004 8.5000000000000018 9.5000000000000018 3.5000000000000004 4.5000000000000009 16.500000000000004
decision_type=2 2 2 2 2 2 2 2 2 2 2 2
left_child=1 3 4 -1 -2 7 10 -3 -9 -6 -5 -11
right_child=2 5 -4 6 9 -7 -8 8 -10 11 -12 -13
leaf_value=0.050666969190492767 -0.022723858554987399 0.0039313890026829957 -0.050086513869862848 0.024328340998560002 -0.01844688458256051 0.002025836337822657 0.025514941344295113 0.0067936844697036956 0.0042165677093759782 -0.019332149047956531 0.023078005862732953 -0.020108387977108316
leaf_weight=0.0012479828255891334 0.0011044666625821256 0.0021886914037168026 0.0019990574119219673 0.0013733260420849547 0.0020764043147210032 0.0020034456319990568 0.0024244387168437243 0.0015272781020030379 0.0014055864885449409 0.0013801819877699018 0.0011298599129077047 0.0010578965884633362
leaf_count=7 9 3 123 2 7 7 2 2 2 4 2 3
internal_value=9.85339e-05 0.0160551 -0.0277607 0.029888 -0.0198178 0.00406538 0.0246255 0.00486321 0.00555859 -0.0191069 0.023764 -0.019669
internal_weight=0.0209186 0.0133006 0.00761801 0.00617561 0.00561895 0.007125 0.00492762 0.00512156 0.00293286 0.00451448 0.00250319 0.00243808
internal_count=173 27 146 13 23 14 6 7 4 14 4 7
is_linear=0
shrinkage=0.05


Tree=158
num_leaves=13
num_cat=0
split_feature=2 2 2 2 3 15 1 2 2 3 1 2
split_gain=0.00382108 0.000993621 0.000528498 0.000330656 4.00666e-06 3.35583e-06 1.25442e-06 1.07958e-06 1.67153e-06 1.02237e-06 7.24591e-07 3.4531e-07
threshold=10.500000000000002 5.5000000000000009 20.500000000000004 3.5000000000000004 37.500000000000007 3.5000000000000004 2.5000000000000004 8.5000000000000018 9.5000000000000018 62.500000000000007 2.5000000000000004 4.5000000000000009
decision_type=2 2 2 2 2 2 2 2 2 2 2 2
left_child=1 3 5 -1 7 10 11 -3 -9 -7 -2 -5
right_child=2 4 -4 6 -6 9 -8 8 -10 -11 -12 -13
leaf_value=0.050632073614792154 -0.019420806711398942 0.0039165967691067788 -0.050084412865738427 0.024405309081870608 0.0020927166313712995 -0.022171038914845301 0.02548409768663212 0.0065674546275499256 0.0041429196678363922 -0.020114797457720254 -0.017928324268913991 0.023208659076602339
leaf_weight=0.0016472570459882263 0.0014452930190600446 0.0021278669009916484 0.0018915161372206057 0.0013354250258998945 0.0019458122696960345 0.0010821944051713217 0.0023527261801064014 0.0014829420833848417 0.0013654383365064859 0.0013695049856323749 0.001859566371422261 0.0010989732982125133
leaf_count=9 5 3 121 2 7 7 2 2 2 4 6 2
internal_value=0.00102723 0.0171648 -0.027155 0.0313097 0.00401645 -0.0196208 0.0246608 0.00476866 0.0054052 -0.0210224 -0.018581 0.0238651
internal_weight=0.0210045 0.0133564 0.00764807 0.00643438 0.00692206 0.00575656 0.00478712 0.00497625 0.00284838 0.0024517 0.00330486 0.0024344
internal_count=172 29 143 15 14 22 6 7 4 11 11 4
is_linear=0
shrinkage=0.05


Tree=159
num_leaves=13
num_cat=0
split_feature=2 2 2 2 1 1 1 1 15 2 2 2
split_gain=0.00385235 0.00092939 0.000508741 0.000314506 5.45444e-06 2.11264e-06 1.94909e-06 1.03863e-06 9.30532e-07 3.07931e-07 1.69281e-07 8.48035e-08
threshold=10.500000000000002 5.5000000000000009 20.500000000000004 3.5000000000000004 2.5000000000000004 2.5000000000000004 1.5000000000000002 2.5000000000000004 3.5000000000000004 4.5000000000000009 16.500000000000004 8.5000000000000018
decision_type=2 2 2 2 2 2 2 2 2 2 2 2
left_child=1 3 4 -1 -2 6 -3 9 -6 -5 -10 -7
right_child=2 5 -4 7 8 11 -8 -9 10 -11 -12 -13
leaf_value=0.050625993401189243 -0.022579591551261949 0.0050225347792537582 -0.050080925220141119 0.024477314028010122 -0.018371874345237557 0.0049458055838234706 0.0025628342283992344 0.025454604019577283 -0.019382479346070684 0.023331451695132423 -0.020186234748712943 0.0054757752754688452
leaf_weight=0.0015618474026268814 0.0015554345682176063 0.0012334120110608637 0.0018154953986595501 0.0012985736975679174 0.0020737338054459542 0.0014862969983369112 0.0023208729835459962 0.002283254056237638 0.0012938498693984002 0.001068943936843425 0.0013269214250613004 0.001533788105007261
leaf_count=8 12 2 120 2 7 2 6 2 4 2 4 2
internal_value=0.000278279 0.0173463 -0.0267815 0.0312131 -0.0200135 0.00424261 0.0034164 0.0246937 -0.0191632 0.02396 -0.0197894 0.00521496
internal_weight=0.0208524 0.012787 0.00806544 0.00621262 0.00624994 0.00657437 0.00355428 0.00465077 0.00469451 0.00236752 0.00262077 0.00302009
internal_count=173 26 147 14 27 12 8 6 15 4 8 4
is_linear=0
shrinkage=0.05


Tree=160
num_leaves=13
num_cat=0
split_feature=2 2 2 2 16 3 1 1 17 2 2 2
split_gain=0.00331494 0.000968213 0.000462295 0.000287137 4.91405e-06 4.3559e-06 1.1785e-06 1.11526e-06 9.77714e-07 4.22828e-07 2.74155e-07 1.40729e-07
threshold=10.500000000000002 5.5000000000000009 20.500000000000004 3.5000000000000004 2.5000000000000004 37.500000000000007 2.5000000000000004 2.5000000000000004 9.0000000000000018 7.5000000000000009 4.5000000000000009 7.5000000000000009
decision_type=2 2 2 2 2 2 2 2 2 2 2 2
left_child=1 3 5 -1 6 8 9 10 -2 -3 -5 -8
right_child=2 4 -4 7 -6 -7 11 -9 -10 -11 -12 -13
leaf_value=0.050605167906612784 -0.018038954503061221 0.004377504507194349 -0.050079112078115384 0.02452168880050459 0.00084466281573646051 -0.021970556953297058 0.0055489737549647717 0.025898005428284021 -0.019868663014067353 0.0030960811026060479 0.023424934065708052 0.0049134562466812866
leaf_weight=0.0015326519824157003 0.0014794994494877747 0.0013433537678793073 0.0017523715428069409 0.0012617406173376366 0.0010223780191154219 0.0020000772128696553 0.001411391596775502 0.0012169735273346305 0.0014414345459954347 0.0012361108092591166 0.0010389942035544664 0.0022755507961846888
leaf_count=9 5 2 120 2 6 12 2 1 6 2 2 3
internal_value=0.000363521 0.0157174 -0.028026 0.0325434 0.00405881 -0.0201728 0.00458321 0.0246739 -0.0189419 0.00376343 0.0240264 0.00515674
internal_weight=0.0190125 0.0123391 0.00667338 0.00505036 0.00728878 0.00492101 0.00626641 0.00351771 0.00292093 0.00257946 0.00230073 0.00368694
internal_count=172 29 143 14 15 23 9 5 11 4 4 5
is_linear=0
shrinkage=0.05


Tree=161
num_leaves=12
num_cat=0
split_feature=2 2 2 2 1 16 1 1 2 2 2
split_gain=0.00340633 0.000943674 0.000444613 0.000295268 6.41095e-06 3.46373e-06 8.47698e-07 6.49888e-07 6.30236e-07 2.47924e-07 1.24027e-07
threshold=10.500000000000002 5.5000000000000009 20.500000000000004 3.5000000000000004 2.5000000000000004 1.5000000000000002 2.5000000000000004 2.5000000000000004 16.500000000000004 4.5000000000000009 7.5000000000000009
decision_type=2 2 2 2 2 2 2 2 2 2 2
left_child=1 3 4 -1 -2 7 9 -3 -6 -5 -9
right_child=2 5 -4 6 8 -7 -8 10 -10 -11 -12
leaf_value=0.050592290215900462 -0.022928137792781814 0.0039306665349895659 -0.050076463170691546 0.024558860584142306 -0.018208302002577118 0.001933880581345758 0.025470522440699257 0.005438399893062381 -0.019572822065293288 0.023500686699554643 0.0048326774185898638
leaf_weight=0.001479146738347481 0.0014761389556952045 0.0019541787914931774 0.001660493490362569 0.0012256715999683365 0.0014716840523760766 0.0014707573500345461 0.0021566085051745176 0.0013691098429262638 0.0019911141425836831 0.0010093953751493245 0.0022080446942709386
leaf_count=9 13 3 117 2 5 6 2 2 7 2 3
internal_value=0.00151305 0.0164864 -0.0276941 0.0312709 -0.0201691 0.0040905 0.0247633 0.00466393 -0.0189929 0.024081 0.00506451
internal_weight=0.0194723 0.0128729 0.00659943 0.00587082 0.00493894 0.00700209 0.00439168 0.00553133 0.0034628 0.00223507 0.00357715
internal_count=171 29 142 15 25 14 6 8 12 4 5
is_linear=0
shrinkage=0.05


Tree=162
num_leaves=12
num_cat=0
split_feature=2 2 2 2 15 16 17 3 1 1 2
split_gain=0.0033364 0.000906237 0.000418965 0.000281057 5.23473e-06 2.35257e-06 8.08806e-07 1.8435e-06 6.64444e-07 3.36109e-07 1.09477e-07
threshold=10.500000000000002 5.5000000000000009 20.500000000000004 3.5000000000000004 3.5000000000000004 1.5000000000000002 49.000000000000007 56.000000000000007 2.5000000000000004 2.5000000000000004 7.5000000000000009
decision_type=2 2 2 2 2 2 2 2 2 2 2
left_child=1 3 4 -1 9 8 7 -5 -3 -2 -10
right_child=2 5 -4 6 -6 -7 -8 -9 10 -11 -12
leaf_value=0.050583523724902747 -0.019830133308153156 0.0038589724554697323 -0.0500740874815125 0.025387409321546407 -0.022502941481384819 0.0023345566260006591 0.025933928363534677 0.022911455960205458 0.0053786926281483736 -0.018782011111852848 0.0048013499488203651
leaf_weight=0.0014049510209588334 0.0012859271937486474 0.0018975790007971227 0.0015578314646518265 0.0018524322658777237 0.001941195223480463 0.0014380830834852532 0.0011500727850943804 0.0012653004087042063 0.0013300915015861392 0.0018877283437177539 0.0021457062684930861
leaf_count=8 6 3 115 2 13 6 1 3 2 7 3
internal_value=0.00116945 0.0164246 -0.0273721 0.0311862 -0.0204577 0.00413075 0.0248006 0.0243826 0.00461147 -0.0192067 0.00502228
internal_weight=0.0191569 0.0124842 0.00667268 0.00567276 0.00511485 0.00681146 0.00426781 0.00311773 0.00537338 0.00317366 0.0034758
internal_count=169 28 141 14 26 14 6 5 8 13 5
is_linear=0
shrinkage=0.05


Tree=163
num_leaves=11
num_cat=0
split_feature=2 2 2 2 3 3 1 2 1 2
split_gain=0.00320523 0.000807114 0.000411808 0.000270462 2.9805e-06 2.23375e-06 8.21775e-07 7.35775e-07 4.3361e-07 2.68219e-09
threshold=10.500000000000002 5.5000000000000009 20.500000000000004 3.5000000000000004 37.500000000000007 37.500000000000007 2.5000000000000004 8.5000000000000018 2.5000000000000004 14.500000000000002
decision_type=2 2 2 2 2 2 2 2 2 2
left_child=1 3 4 -1 8 7 -5 -3 -2 -10
right_child=2 5 -4 6 -6 -7 -8 -9 9 -11
leaf_value=0.050574079992361722 -0.020022624370531414 0.0038875963617099893 -0.050072268566182368 0.02414542696075378 -0.022135808726377593 0.0023949300844136514 0.025553255656623787 0.005307807669103503 -0.018908718460322486 -0.01879783669295134
leaf_weight=0.0013540815471060341 0.0012505612648965317 0.001843776146415621 0.0015097235141183774 0.0021088825014885515 0.0012450098583940417 0.0016984580070129596 0.0020385387470014393 0.0018045141478069127 0.0011268870148342103 0.0010569271980784833
leaf_count=8 6 3 115 4 8 6 2 3 4 4
internal_value=0.00134623 0.0177269 -0.0273658 0.031172 -0.02004 0.00389275 0.0248374 0.00459006 -0.0192802 -0.0188551
internal_weight=0.0170374 0.0108483 0.00618911 0.0055015 0.00467939 0.00534675 0.00414742 0.00364829 0.00343438 0.00218381
internal_count=163 26 137 14 22 12 6 6 14 8
is_linear=0
shrinkage=0.05


Tree=164
num_leaves=11
num_cat=0
split_feature=2 2 2 2 1 16 3 2 1 2
split_gain=0.00289422 0.000842292 0.000397825 0.000249183 4.83155e-06 3.04505e-06 1.63987e-06 6.84866e-07 4.69141e-07 1.47032e-07
threshold=10.500000000000002 5.5000000000000009 20.500000000000004 3.5000000000000004 2.5000000000000004 1.5000000000000002 56.000000000000007 16.500000000000004 2.5000000000000004 7.5000000000000009
decision_type=2 2 2 2 2 2 2 2 2 2
left_child=1 3 4 -1 -2 8 -5 -6 -3 -10
right_child=2 5 -4 6 7 -7 -8 -9 9 -11
leaf_value=0.050554848020192278 -0.023012561441599504 0.0038528809400826761 -0.050070204768554886 0.0254534879886361 -0.018406262517425082 0.001831510536601696 0.023050856411181365 -0.019986715275172331 0.0052849303895638987 0.0045954785999455646
leaf_weight=0.0013297969708219171 0.0013417312084129654 0.0017918639350682497 0.0015574897106489516 0.0017492635524831712 0.0011063663114327937 0.0013508420524885878 0.0011956015951000154 0.0018017583061009645 0.0012525189085863531 0.0020211092196404934
leaf_count=9 13 3 122 2 4 6 3 7 2 3
internal_value=-3.86861e-05 0.0153959 -0.0284529 0.0325902 -0.0205306 0.00394078 0.024478 -0.0193854 0.00450327 0.00485927
internal_weight=0.0164983 0.010691 0.00580735 0.00427466 0.00424986 0.00641633 0.00294487 0.00290812 0.00506549 0.00327363
internal_count=174 28 146 14 24 14 5 11 8 5
is_linear=0
shrinkage=0.05


Tree=165
num_leaves=11
num_cat=0
split_feature=2 2 2 2 16 3 3 2 3 16
split_gain=0.00278828 0.000758581 0.000363852 0.000218334 2.8731e-06 2.48019e-06 8.20228e-07 6.94039e-07 4.92131e-07 1.03002e-07
threshold=10.500000000000002 5.5000000000000009 20.500000000000004 3.5000000000000004 1.5000000000000002 37.500000000000007 59.000000000000007 6.5000000000000009 33.500000000000007 1.5000000000000002
decision_type=2 2 2 2 2 2 2 2 2 2
left_child=1 3 5 -1 7 9 -5 -3 -9 -2
right_child=2 4 -4 6 -6 -7 -8 8 -10 -11
leaf_value=0.050528991605979803 -0.018996760194858547 0.0052477550067406313 -0.050067470877287704 0.024225414574500018 0.0016151367367246263 -0.021834412669336611 0.025672489327692977 0.0030314231864209291 0.0043388758545157636 -0.019646568196453978
leaf_weight=0.0010585616910248064 0.0012253135209903112 0.0012188772670924664 0.0013755264612882456 0.0019914753356715664 0.0013807833020109683 0.0016404967091148137 0.0019265894661657512 0.0011702207266353071 0.0018696048064157367 0.001214097666888847
leaf_count=7 5 2 112 4 7 11 2 2 3 6
internal_value=0.00122331 0.0161527 -0.0278288 0.0303806 0.00359713 -0.0203311 0.024937 0.00423974 0.00383555 -0.0193202
internal_weight=0.0160715 0.0106161 0.00545543 0.00497663 0.00563949 0.00407991 0.00391806 0.0042587 0.00303983 0.00243941
internal_count=161 27 134 13 14 22 6 7 5 11
is_linear=0
shrinkage=0.05


Tree=166
num_leaves=11
num_cat=0
split_feature=2 2 2 2 1 17 17 2 2 2
split_gain=0.00284204 0.000801358 0.000381353 0.000223724 4.66186e-06 4.29059e-06 2.90574e-06 7.67104e-07 6.32502e-07 5.19882e-07
threshold=10.500000000000002 5.5000000000000009 20.500000000000004 3.5000000000000004 2.5000000000000004 15.000000000000002 15.000000000000002 9.5000000000000018 8.5000000000000018 16.500000000000004
decision_type=2 2 2 2 2 2 2 2 2 2
left_child=1 3 4 -1 -2 -3 -5 8 -7 -6
right_child=2 5 -4 6 9 7 -8 -9 -10 -11
leaf_value=0.050537220991668921 -0.023064310947634992 0.0018071976522053565 -0.050066418752910319 0.023190729284846098 -0.018810090036031724 0.0044150416690934202 0.026380424203986952 0.0035831978782430206 0.0060182354564022721 -0.02008135509975266
leaf_weight=0.0012173742379673058 0.0012599722422237383 0.0020233352151990402 0.0014391281411008094 0.0011302002531010658 0.0015313783806050196 0.0012904165196232498 0.001938875881023705 0.0010833670385181904 0.001175788464024663 0.0016936482134042308
leaf_count=8 13 8 121 3 6 2 2 2 2 7
internal_value=-0.00030002 0.0161464 -0.0276713 0.0324001 -0.0204853 0.00364476 0.0252058 0.00469221 0.00517938 -0.0194777
internal_weight=0.0157835 0.00985936 0.00592413 0.00428645 0.004485 0.00557291 0.00306908 0.00354957 0.0024662 0.00322503
internal_count=174 27 147 13 26 14 5 6 4 13
is_linear=0
shrinkage=0.05


Tree=167
num_leaves=9
num_cat=0
split_feature=2 2 2 21 1 17 2 2
split_gain=0.00263951 0.000603956 0.000363398 3.45822e-05 5.90731e-06 1.97159e-06 1.86755e-07 1.63844e-07
threshold=10.500000000000002 5.5000000000000009 20.500000000000004 8.5000000000000018 2.5000000000000004 15.000000000000002 8.5000000000000018 16.500000000000004
decision_type=2 2 2 2 2 2 2 2
left_child=1 3 4 -1 -2 -3 -7 -6
right_child=2 5 -4 -5 7 6 -8 -9
leaf_value=0.025206780547440952 -0.023903144100883126 0.0029594711961771479 -0.050064984283821938 0.034211156324546139 -0.019176870447968453 0.0044107773500519009 0.0052122825864677211 -0.019899806039471439
leaf_weight=0.0025538946501910686 0.0010055132279376275 0.0024424219081993215 0.0013925932989877765 0.0018306650054000784 0.0017334926960757002 0.0012538798619061708 0.0017288426752202213 0.0014304893848020583
leaf_count=4 12 8 122 8 7 2 3 6
internal_value=-0.0004352 0.0151661 -0.0279507 0.0289663 -0.0205647 0.00401281 0.00487535 -0.0195037
internal_weight=0.0153718 0.0098097 0.00556209 0.00438456 0.0041695 0.00542514 0.00298272 0.00316398
internal_count=172 25 147 12 25 13 5 13
is_linear=0
shrinkage=0.05


Tree=168
num_leaves=11
num_cat=0
split_feature=2 2 2 2 16 1 2 2 1 2
split_gain=0.00282364 0.000759378 0.000359903 0.000230733 3.15412e-06 2.39279e-06 6.43711e-07 5.94998e-07 4.18309e-07 3.40382e-07
threshold=10.500000000000002 5.5000000000000009 20.500000000000004 3.5000000000000004 1.5000000000000002 2.5000000000000004 6.5000000000000009 4.5000000000000009 2.5000000000000004 16.500000000000004
decision_type=2 2 2 2 2 2 2 2 2 2
left_child=1 3 5 -1 6 -2 -3 -5 -8 -7
right_child=2 4 -4 7 -6 9 8 -9 -10 -11
leaf_value=0.050518883566791933 -0.022405309431603949 0.0053023368387982561 -0.050062871087392428 0.025616968701436094 0.0014135766436869474 -0.019181287410119863 0.0031058966258427478 0.024305432771442134 0.0043655862422116399 -0.020210570966347662
leaf_weight=0.0011821951120509766 0.0011592105056479349 0.0011147473705932498 0.0013362849244913377 0.001666776486672461 0.0012648936026380397 0.0014261852047638968 0.0010718810954131186 0.0017971677589230239 0.0017110881744883955 0.0018388679600320756
leaf_count=9 12 2 121 2 7 6 2 3 3 8
internal_value=0.000462985 0.0167809 -0.0273223 0.0314459 0.00358304 -0.0204538 0.00428708 0.0249365 0.00388041 -0.019761
internal_weight=0.0155693 0.00980875 0.00576055 0.00464614 0.00516261 0.00442426 0.00389772 0.00346394 0.00278297 0.00326505
internal_count=175 28 147 14 14 26 7 5 5 14
is_linear=0
shrinkage=0.05


Tree=169
num_leaves=9
num_cat=0
split_feature=2 2 2 2 17 3 15 17
split_gain=0.00267462 0.00068692 0.000347651 0.000222196 2.39923e-06 2.13207e-06 7.22362e-07 1.67053e-07
threshold=10.500000000000002 5.5000000000000009 20.500000000000004 3.5000000000000004 15.000000000000002 37.500000000000007 3.5000000000000004 9.0000000000000018
decision_type=2 2 2 2 2 2 2 2
left_child=1 3 5 -1 -3 7 -5 -2
right_child=2 4 -4 6 -6 -7 -8 -9
leaf_value=0.050502407503845881 -0.019150977305798296 0.0025652947367935438 -0.050060658220779 0.024972938304821998 0.0047590716643800312 -0.022139528870473865 0.023461988653453253 -0.019936402657916814
leaf_weight=0.0010681428502721246 0.0011158414563396954 0.0023562697861052584 0.0013048306914242858 0.0022974561434239149 0.0026457293424755335 0.0012027670645693433 0.0012064113398082554 0.0017213758910656907
leaf_count=8 5 9 122 3 5 10 3 9
internal_value=0.000711966 0.01653 -0.0276224 0.0305386 0.00372566 -0.0203754 0.0244527 -0.0196275
internal_weight=0.0149188 0.00957401 0.00534482 0.00457201 0.005002 0.00403998 0.00350387 0.00283722
internal_count=174 28 146 14 14 24 6 14
is_linear=0
shrinkage=0.05


Tree=170
num_leaves=11
num_cat=0
split_feature=2 2 2 2 16 17 21 2 2 2
split_gain=0.00239475 0.00070451 0.000312348 0.000208556 2.96281e-06 2.20181e-06 1.23586e-06 2.08306e-07 1.67195e-07 2.56901e-07
threshold=10.500000000000002 5.5000000000000009 20.500000000000004 3.5000000000000004 1.5000000000000002 15.000000000000002 3.5000000000000004 16.500000000000004 7.5000000000000009 8.5000000000000018
decision_type=2 2 2 2 2 2 2 2 2 2
left_child=1 3 6 -1 8 -5 -2 -8 -3 -10
right_child=2 4 -4 5 -6 -7 7 -9 9 -11
leaf_value=0.050496059992773124 -0.019315050869114482 0.0046356587527570017 -0.050059723585343066 0.02290408381043748 0.0013626694813909607 0.025837217164088808 -0.021655861488974582 -0.020700095346769181 0.003403125387217939 0.0044843081494861719
leaf_weight=0.0011026529773516813 0.0014129416667856285 0.0014935705112293363 0.0011762165590880613 0.0010143960971618071 0.0011945801925321575 0.0017326800734736025 0.0011859526111948071 0.0010977870697388425 0.0010860729962587357 0.0011119287228211761
leaf_count=9 7 3 114 3 7 2 10 5 2 2
internal_value=0.000465553 0.0161306 -0.0276179 0.0321272 0.00352706 0.0247541 -0.0204773 -0.0211964 0.00422746 0.00395008
internal_weight=0.0136088 0.00873588 0.0048729 0.00384973 0.00488615 0.00274708 0.00369668 0.00228374 0.00369157 0.002198
internal_count=164 28 136 14 14 5 22 15 7 4
is_linear=0
shrinkage=0.05


Tree=171
num_leaves=11
num_cat=0
split_feature=2 2 2 2 1 16 1 2 2 3
split_gain=0.00265484 0.000672683 0.000329428 0.000217139 3.26299e-06 1.99617e-06 6.72612e-07 5.95996e-07 2.77979e-07 2.61763e-07
threshold=10.500000000000002 5.5000000000000009 20.500000000000004 3.5000000000000004 2.5000000000000004 1.5000000000000002 2.5000000000000004 6.5000000000000009 16.500000000000004 61.500000000000007
decision_type=2 2 2 2 2 2 2 2 2 2
left_child=1 3 4 -1 -2 7 -5 -3 -6 -9
right_child=2 5 -4 6 8 -7 -8 9 -10 -11
leaf_value=0.050485356123236028 -0.023090678283241378 0.0051671024134931458 -0.050057863974713172 0.023830114504986438 -0.019418614453086531 0.0017115744860908288 0.025255816555269824 0.003315298796581895 -0.020352056837910401 0.0043448432944134278
leaf_weight=0.001065313204890117 0.001075404959010485 0.0010208789608441293 0.0012317026457822067 0.0016803366670501418 0.0015249907737597823 0.0011016300559276715 0.0016295213135890663 0.001505062187789008 0.0016721181600587443 0.0010467877436894923
leaf_count=9 13 2 123 4 7 6 2 3 8 2
internal_value=0.000106234 0.0167609 -0.0272759 0.0308514 -0.0207082 0.00357233 0.024532 0.00414609 -0.0199068 0.00373763
internal_weight=0.0145537 0.00904953 0.00550422 0.00437517 0.00427251 0.00467436 0.00330986 0.00357273 0.00319711 0.00255185
internal_count=179 28 151 15 28 13 6 7 15 5
is_linear=0
shrinkage=0.05


Tree=172
num_leaves=10
num_cat=0
split_feature=2 2 2 21 16 1 2 2 2
split_gain=0.00234392 0.000595525 0.000310616 4.09251e-05 2.70154e-06 2.25868e-06 2.57044e-07 2.05282e-07 2.18037e-07
threshold=10.500000000000002 5.5000000000000009 20.500000000000004 8.5000000000000018 1.5000000000000002 2.5000000000000004 16.500000000000004 7.5000000000000009 8.5000000000000018
decision_type=2 2 2 2 2 2 2 2 2
left_child=1 3 5 -1 7 -2 -7 -3 -9
right_child=2 4 -4 -5 -6 6 -8 8 -10
leaf_value=0.0249227951210544 -0.022692206482255457 0.0045846354453116722 -0.050055696262944219 0.03517348632583113 0.0014458817687717325 -0.019510836208445001 -0.020422632615567642 0.0033502844402581939 0.0043754969291139008
leaf_weight=0.0022230698232306167 0.0010282472112521654 0.0019379465084057301 0.0011490093338579754 0.0017325472981610801 0.0011288957866781857 0.0014777524047531188 0.0016206421714741737 0.0010250664781779051 0.0010496736504137516
leaf_count=4 12 4 119 10 7 7 8 2 2
internal_value=-0.000548857 0.0148275 -0.0270635 0.0294126 0.0036067 -0.0206616 -0.0199878 0.0042146 0.00386897
internal_weight=0.0143729 0.0090972 0.00527565 0.00395562 0.00514158 0.00412664 0.00309839 0.00401269 0.00207474
internal_count=175 29 146 14 15 27 15 8 4
is_linear=0
shrinkage=0.05


Tree=173
num_leaves=8
num_cat=0
split_feature=2 2 2 1 17 17 2
split_gain=0.00227205 0.000532027 0.000301903 7.13442e-05 2.85044e-06 1.926e-06 5.8569e-08
threshold=10.500000000000002 5.5000000000000009 20.500000000000004 2.5000000000000004 15.000000000000002 15.000000000000002 15.500000000000002
decision_type=2 2 2 2 2 2 2
left_child=1 3 5 -1 -3 -2 -7
right_child=2 4 -4 -5 -6 6 -8
leaf_value=0.023499869441125931 -0.022343583669928991 0.0018696917005684953 -0.050054838842653715 0.038103537796686106 0.004708693336001761 -0.01974978779646494 -0.020235823169328468
leaf_weight=0.0015941653182380833 0.0012529453615570674 0.0015929081891954411 0.0011412065068725497 0.0017592618823982775 0.0019870425458066165 0.0015002727595856413 0.0010561881499597803
leaf_count=4 13 7 123 9 4 8 5
internal_value=-0.00162317 0.0168506 -0.0274958 0.0311612 0.00344547 -0.0207377 -0.0199506
internal_weight=0.011884 0.00693338 0.00495061 0.00335343 0.00357995 0.00380941 0.00255646
internal_count=173 24 149 13 11 26 13
is_linear=0
shrinkage=0.05


Tree=174
num_leaves=9
num_cat=0
split_feature=0 3 3 3 1 17 16 3
split_gain=0.000608674 0.000221322 0.00035616 0.000463276 0.000197906 5.85555e-05 3.71019e-05 1.22584e-05
threshold=2.5000000000000004 62.500000000000007 54.500000000000007 20.500000000000004 1.5000000000000002 6.5000000000000009 2.5000000000000004 61.500000000000007
decision_type=2 2 2 2 2 2 2 2
left_child=-1 2 3 4 -2 -5 -6 -4
right_child=1 -3 7 5 6 -7 -8 -9
leaf_value=-0.035248512073820258 -0.0050076367915152693 -0.014406735400734703 0.023595176878113321 -0.021253760993489822 0.013317078164460703 -0.0079549322896565796 0.024497394105211179 0.017061989632596527
leaf_weight=0.0011128789215035803 0.001315843837801367 0.0015296217352442918 0.0016674555854478967 0.0014154434747979394 0.0016863723503774963 0.0019934080964958412 0.0013251265627332032 0.0012609664918272756
leaf_count=86 5 17 6 19 5 29 2 3
internal_value=0.000149081 0.00337956 0.00593064 0.000308874 0.0111686 -0.013477 0.0182367 0.020782
internal_weight=0.0133071 0.0121942 0.0106646 0.00773619 0.00432734 0.00340885 0.0030115 0.00292842
internal_count=172 86 69 60 12 48 7 9
is_linear=0
shrinkage=0.05


Tree=175
num_leaves=7
num_cat=0
split_feature=2 2 2 21 3 15
split_gain=0.00220883 0.000502856 0.000274926 5.87318e-05 2.64694e-06 1.80537e-06
threshold=10.500000000000002 5.5000000000000009 20.500000000000004 8.5000000000000018 37.500000000000007 3.5000000000000004
decision_type=2 2 2 2 2 2
left_child=1 3 5 -1 -3 -2
right_child=2 4 -4 -5 -6 -7
leaf_value=0.023567397935808598 -0.019757250125630954 0.0047330672296184775 -0.050052495452714646 0.036011242217696658 0.0018954924722577643 -0.02206844396697635
leaf_weight=0.0019759839051403105 0.0019683303889905801 0.0026190539065282792 0.0010423603839626594 0.0018230140594823752 0.0011976619025517721 0.0014804871761953109
leaf_count=3 12 6 118 10 7 14
internal_value=0.000260227 0.0166608 -0.0275504 0.0295388 0.00384265 -0.0207494
internal_weight=0.0121069 0.00761571 0.00449118 0.003799 0.00381672 0.00344882
internal_count=170 26 144 13 13 26
is_linear=0
shrinkage=0.05


Tree=176
num_leaves=7
num_cat=0
split_feature=2 2 2 21 1 15
split_gain=0.00218298 0.000545675 0.00027857 6.11745e-05 3.06548e-06 2.25719e-06
threshold=10.500000000000002 5.5000000000000009 20.500000000000004 8.5000000000000018 2.5000000000000004 3.5000000000000004
decision_type=2 2 2 2 2 2
left_child=1 3 5 -1 -3 -2
right_child=2 4 -4 -5 -6 -7
leaf_value=0.023288760139132732 -0.019718636156590943 0.0024306714903113442 -0.050051240572437816 0.035908814986844367 0.0050132271414497463 -0.022302464488589593
leaf_weight=0.0020377217588247731 0.0020597886496034343 0.0022922641655895859 0.0010591896184450889 0.0018160620820708573 0.0023039735970087349 0.0014334708776004845
leaf_count=4 13 10 124 10 5 14
internal_value=0.00032231 0.0153598 -0.0275895 0.0292359 0.00372524 -0.0207789
internal_weight=0.0130025 0.00845002 0.00455245 0.00385378 0.00459624 0.00349326
internal_count=180 29 151 14 15 27
is_linear=0
shrinkage=0.05


Tree=177
num_leaves=7
num_cat=0
split_feature=2 2 2 21 15 1
split_gain=0.00207466 0.000446368 0.000263337 5.19542e-05 2.1576e-06 1.103e-06
threshold=10.500000000000002 5.5000000000000009 20.500000000000004 8.5000000000000018 3.5000000000000004 2.5000000000000004
decision_type=2 2 2 2 2 2
left_child=1 3 4 -1 -2 -3
right_child=2 5 -4 -5 -6 -7
leaf_value=0.023032621447268649 -0.019568016691557846 0.0032807743604385872 -0.050050130687920302 0.034926096110369155 -0.022182862057608693 0.0049821446886411901
leaf_weight=0.0019913483847631142 0.0018292052409378812 0.0016623584269837011 0.0010020514723692031 0.0017038694422808476 0.0013871331866539549 0.002231224876595661
leaf_count=4 12 6 121 9 14 5
internal_value=0.000442805 0.0160692 -0.0276687 0.0285167 -0.0206957 0.00425575
internal_weight=0.0118072 0.0075888 0.00421839 0.00369522 0.00321634 0.00389358
internal_count=171 24 147 13 26 11
is_linear=0
shrinkage=0.05


Tree=178
num_leaves=7
num_cat=0
split_feature=2 2 2 2 1 18
split_gain=0.00193732 0.000488749 0.000167337 8.83314e-05 2.40495e-06 1.48765e-06
threshold=10.500000000000002 5.5000000000000009 18.500000000000004 4.5000000000000009 2.5000000000000004 86.000000000000014
decision_type=2 2 2 2 2 2
left_child=1 3 5 -1 -3 -2
right_child=2 4 -4 -5 -6 -7
leaf_value=0.037770332102081881 -0.021915017630635001 0.0024490265631337865 -0.04236732054132164 0.020859192443501928 0.0049346324817965241 -0.019604004669612388
leaf_weight=0.0017464948177803308 0.0013473116887325887 0.0017698446063150186 0.0013132105291333573 0.0013841091131325811 0.002161848999094218 0.0014413096942007542
leaf_count=11 15 9 124 3 5 8
internal_value=-0.000320634 0.0155529 -0.0276508 0.0302935 0.00381574 -0.0207206
internal_weight=0.0111641 0.0070623 0.00410183 0.0031306 0.00393169 0.00278862
internal_count=175 28 147 14 14 23
is_linear=0
shrinkage=0.05


Tree=179
num_leaves=7
num_cat=0
split_feature=2 2 2 21 1 18
split_gain=0.00191458 0.000444642 0.000122039 6.38212e-05 2.26315e-06 1.66977e-06
threshold=10.500000000000002 5.5000000000000009 18.500000000000004 8.5000000000000018 2.5000000000000004 86.000000000000014
decision_type=2 2 2 2 2 2
left_child=1 3 5 -1 -3 -2
right_child=2 4 -4 -5 -6 -7
leaf_value=0.022103171080218715 -0.022434546045444221 0.002707824361607711 -0.039967940078608502 0.035385686553614036 0.0051953260720561572 -0.019702284715663206
leaf_weight=0.0018931971135316417 0.0011810916648755665 0.0020569302796502598 0.001396742751239799 0.0017314822634943994 0.0016461567720398307 0.0010619595996104181
leaf_count=4 15 9 122 10 4 6
internal_value=0.00127579 0.0159991 -0.0283657 0.0284481 0.00381361 -0.021141
internal_weight=0.0109676 0.00732777 0.00363979 0.00362468 0.00370309 0.00224305
internal_count=170 27 143 14 13 21
is_linear=0
shrinkage=0.05


Tree=180
num_leaves=7
num_cat=0
split_feature=2 2 2 21 18 1
split_gain=0.00188276 0.000428462 0.000103718 6.12587e-05 2.1184e-06 1.50157e-06
threshold=10.500000000000002 5.5000000000000009 18.500000000000004 8.5000000000000018 86.000000000000014 2.5000000000000004
decision_type=2 2 2 2 2 2
left_child=1 3 4 -1 -2 -3
right_child=2 5 -4 -5 -6 -7
leaf_value=0.021898105438314153 -0.022196424675157846 0.0026336577623874164 -0.037157555738269801 0.035048392912673164 -0.019279970120910112 0.0046778217353357953
leaf_weight=0.001852043264079839 0.0011485456279842765 0.0016150296687555965 0.0015228312122417265 0.0016971161721812678 0.0013598084769910201 0.0020245054038241506
leaf_count=4 15 8 122 10 8 5
internal_value=0.000487152 0.015825 -0.0268644 0.0281862 -0.0206154 0.00377073
internal_weight=0.0112199 0.00718869 0.00403119 0.00354916 0.00250835 0.00363954
internal_count=172 27 145 14 23 13
is_linear=0
shrinkage=0.05


Tree=181
num_leaves=7
num_cat=0
split_feature=2 2 2 2 1 3
split_gain=0.00161884 0.000345681 0.000105966 3.3454e-05 3.4137e-06 1.19167e-06
threshold=10.500000000000002 5.5000000000000009 18.500000000000004 4.5000000000000009 2.5000000000000004 34.500000000000007
decision_type=2 2 2 2 2 2
left_child=1 3 5 -1 -3 -2
right_child=2 4 -4 -5 -6 -7
leaf_value=0.03007619965846289 -0.019044790915914645 0.0015049842390085822 -0.037201424776797519 0.019635602086844967 0.0046069626166342177 -0.021365719720222266
leaf_weight=0.0018948621673189336 0.0012048880744259804 0.0016193118317460176 0.0015298300195354386 0.0012893037783214822 0.0019610106246545911 0.0010223200224572793
leaf_count=10 8 9 126 3 5 13
internal_value=-0.00075307 0.0138633 -0.0270695 0.0258487 0.003204 -0.0201101
internal_weight=0.0105215 0.00676449 0.00375704 0.00318417 0.00358032 0.00222721
internal_count=174 27 147 13 14 21
is_linear=0
shrinkage=0.05


Tree=182
num_leaves=7
num_cat=0
split_feature=2 2 2 21 3 15
split_gain=0.00170066 0.000336777 9.7716e-05 5.46799e-05 1.45516e-06 1.30538e-06
threshold=10.500000000000002 5.5000000000000009 18.500000000000004 8.5000000000000018 37.500000000000007 3.5000000000000004
decision_type=2 2 2 2 2 2
left_child=1 3 5 -1 -3 -2
right_child=2 4 -4 -5 -6 -7
leaf_value=0.021088443669509859 -0.018937754223477737 0.0035608749108872947 -0.036288068100477563 0.033909346200336754 0.001059935229991197 -0.021258444770443804
leaf_weight=0.0017707786100800149 0.0014649187733084545 0.0013745589822065085 0.0014297352518042317 0.001568054498420679 0.0010082590779347811 0.0010334402322769165
leaf_count=4 11 4 119 8 7 12
internal_value=-0.000530164 0.0168619 -0.0258634 0.0271097 0.00250263 -0.0198977
internal_weight=0.00964975 0.00572165 0.00392809 0.00333883 0.00238282 0.00249836
internal_count=165 23 142 12 11 23
is_linear=0
shrinkage=0.05


Tree=183
num_leaves=7
num_cat=0
split_feature=2 2 2 21 18 1
split_gain=0.00166882 0.000391628 0.000112875 6.46605e-05 1.70242e-06 1.55614e-06
threshold=10.500000000000002 5.5000000000000009 18.500000000000004 8.5000000000000018 86.000000000000014 2.5000000000000004
decision_type=2 2 2 2 2 2
left_child=1 3 4 -1 -2 -3
right_child=2 5 -4 -5 -6 -7
leaf_value=0.020889171370482594 -0.021394104382436774 0.0022392429221051793 -0.038514216844432118 0.034712856649225014 -0.01857618006393992 0.0044204925185558509
leaf_weight=0.0017338340840069577 0.001049952325047343 0.0014687477632833179 0.0013257115606393199 0.0016518491456736228 0.0010949096904369071 0.001844551065005362
leaf_count=4 15 8 125 11 7 5
internal_value=0.00109549 0.0156742 -0.0270447 0.0276336 -0.0199556 0.00345357
internal_weight=0.0101696 0.00669898 0.00347057 0.00338568 0.00214486 0.0033133
internal_count=175 28 147 15 22 13
is_linear=0
shrinkage=0.05


Tree=184
num_leaves=7
num_cat=0
split_feature=2 2 2 2 1 17
split_gain=0.00141079 0.000428965 8.13359e-05 1.77675e-05 2.93728e-06 2.07736e-06
threshold=10.500000000000002 4.5000000000000009 18.500000000000004 6.5000000000000009 2.5000000000000004 15.000000000000002
decision_type=2 2 2 2 2 2
left_child=1 5 -2 -3 -5 -1
right_child=2 3 -4 4 -6 -7
leaf_value=0.031082013344640221 -0.019627927831822271 0.0097187876870958295 -0.036049001211195808 0.0012121403620986466 0.0044103457909142763 0.034219293078995079
leaf_weight=0.0010807597682287451 0.0016238147272815695 0.0013702383403142449 0.0014078961098675791 0.0014469322268269025 0.0014248963270802051 0.0010310094548913185
leaf_count=8 16 4 125 8 4 4
internal_value=0.000810018 0.0142005 -0.0272537 0.00503416 0.00279897 0.0326137
internal_weight=0.00938555 0.00635384 0.00303171 0.00424207 0.00287183 0.00211177
internal_count=169 28 141 16 12 12
is_linear=0
shrinkage=0.05


Tree=185
num_leaves=7
num_cat=0
split_feature=2 2 2 21 1 16
split_gain=0.0015201 0.000399839 0.000109944 6.60858e-05 1.65783e-06 9.5098e-07
threshold=10.500000000000002 5.5000000000000009 18.500000000000004 8.5000000000000018 2.5000000000000004 1.5000000000000002
decision_type=2 2 2 2 2 2
left_child=1 3 5 -1 -3 -2
right_child=2 4 -4 -5 -6 -7
leaf_value=0.02028445462977152 -0.018394187975250675 0.0017824200934453444 -0.038206761157407114 0.034532411144027629 0.0039674835859268625 -0.020557758855425216
leaf_weight=0.0016607569123152643 0.0010077046372316545 0.0017316874946118332 0.0012770445728165214 0.0015959229613144998 0.0017406015540473163 0.0010239827424811665
leaf_count=4 8 9 126 11 5 14
internal_value=0.00103735 0.0146814 -0.0267107 0.0272666 0.00287776 -0.0194846
internal_weight=0.0100377 0.00672897 0.00330873 0.00325668 0.00347229 0.00203169
internal_count=177 29 148 15 14 22
is_linear=0
shrinkage=0.05


Tree=186
num_leaves=6
num_cat=0
split_feature=2 2 2 21 1
split_gain=0.00141461 0.000334481 8.50235e-05 4.96033e-05 1.76347e-06
threshold=10.500000000000002 5.5000000000000009 18.500000000000004 8.5000000000000018 2.5000000000000004
decision_type=2 2 2 2 2
left_child=1 3 -2 -1 -3
right_child=2 4 -4 -5 -6
leaf_value=0.020133579065161982 -0.019339077661433737 0.0016516269274668761 -0.03555991160651837 0.032859555188066075 0.0040743324892634431
leaf_weight=0.0016259199182968587 0.0019845453152811388 0.0016817495707073249 0.0013624811313093232 0.0014473281662503723 0.0013573470350820571
leaf_count=4 22 9 126 9 4
internal_value=0.00018744 0.0144956 -0.0259421 0.0261268 0.00273368
internal_weight=0.00945937 0.00611234 0.00334703 0.00307325 0.0030391
internal_count=174 26 148 13 13
is_linear=0
shrinkage=0.05


Tree=187
num_leaves=6
num_cat=0
split_feature=2 2 2 21 1
split_gain=0.0013995 0.000371207 8.52836e-05 7.2501e-05 1.30838e-06
threshold=10.500000000000002 5.5000000000000009 18.500000000000004 8.5000000000000018 2.5000000000000004
decision_type=2 2 2 2 2
left_child=1 3 -2 -1 -3
right_child=2 4 -4 -5 -6
leaf_value=0.019947239753839729 -0.018951665251722583 0.0018316419030622718 -0.035179320929656144 0.035524490238780966 0.0038406027322215523
leaf_weight=0.0015929370274534449 0.0020732108287120354 0.0016046372256823815 0.001328432142145175 0.0014065219393160078 0.0016375357809010893
leaf_count=4 22 8 125 9 5
internal_value=0.00051277 0.0145745 -0.025289 0.0272518 0.00284631
internal_weight=0.00964327 0.00624163 0.00340164 0.00299946 0.00324217
internal_count=173 26 147 13 13
is_linear=0
shrinkage=0.05


Tree=188
num_leaves=6
num_cat=0
split_feature=2 2 2 2 1
split_gain=0.0012287 0.000265536 7.27224e-05 4.47375e-05 1.62436e-06
threshold=10.500000000000002 5.5000000000000009 18.500000000000004 4.5000000000000009 2.5000000000000004
decision_type=2 2 2 2 2
left_child=1 3 -2 -1 -3
right_child=2 4 -4 -5 -6
leaf_value=0.029849053422076846 -0.01875788310361267 0.0012741233256653821 -0.034493635078979505 0.017020039663433736 0.0038309187907972207
leaf_weight=0.0017553260149725247 0.0017393078760505887 0.0010202474331890699 0.0012706061081644293 0.0011088248211308382 0.0015882060397416353
leaf_count=11 20 8 121 3 5
internal_value=0.000259088 0.0143718 -0.0254006 0.0248824 0.00283088
internal_weight=0.00848252 0.0054726 0.00300991 0.00286415 0.00260845
internal_count=168 27 141 14 13
is_linear=0
shrinkage=0.05


Tree=189
num_leaves=6
num_cat=0
split_feature=2 2 2 21 1
split_gain=0.00131558 0.000313732 7.68759e-05 5.96211e-05 3.01491e-06
threshold=10.500000000000002 5.5000000000000009 18.500000000000004 8.5000000000000018 2.5000000000000004
decision_type=2 2 2 2 2
left_child=1 3 -2 -1 -3
right_child=2 4 -4 -5 -6
leaf_value=0.01927463676540303 -0.018683481188569863 0.00049753886053200975 -0.034469555844248947 0.03337210262227068 0.0039785950179775219
leaf_weight=0.001525443462014664 0.0019653456502055633 0.0012743418956233654 0.0012693256098827987 0.0014753709683645866 0.0012150796537753195
leaf_count=4 23 8 123 10 4
internal_value=0.00041655 0.0153194 -0.0248781 0.0262058 0.00219663
internal_weight=0.00872491 0.00549024 0.00323467 0.00300081 0.00248942
internal_count=172 26 146 14 12
is_linear=0
shrinkage=0.05


Tree=190
num_leaves=6
num_cat=0
split_feature=2 2 2 3 17
split_gain=0.00117637 0.000351291 7.15329e-05 1.78262e-05 2.2731e-06
threshold=10.500000000000002 4.5000000000000009 18.500000000000004 56.000000000000007 15.000000000000002
decision_type=2 2 2 2 2
left_child=1 -1 -2 4 -3
right_child=2 3 -4 -5 -6
leaf_value=0.03156843438162215 -0.018454113113265714 0.00022838801729973217 -0.034246358701689197 0.0094963233448706243 0.0034777749634210433
leaf_weight=0.0018921534774563042 0.0016782221518951701 0.0010349707808927633 0.0012520229813617334 0.0012122957632527687 0.0011213465622859076
leaf_count=12 20 8 125 4 4
internal_value=0.000187219 0.0143289 -0.0252018 0.00464539 0.00191816
internal_weight=0.00819101 0.00526077 0.00293025 0.00336861 0.00215632
internal_count=173 28 145 16 12
is_linear=0
shrinkage=0.05


Tree=191
num_leaves=6
num_cat=0
split_feature=2 2 2 21 1
split_gain=0.00124163 0.000312116 0.000103195 6.13673e-05 9.61614e-07
threshold=10.500000000000002 5.5000000000000009 18.500000000000004 8.5000000000000018 2.5000000000000004
decision_type=2 2 2 2 2
left_child=1 3 -2 -1 -3
right_child=2 4 -4 -5 -6
leaf_value=0.018800849994702589 -0.017952135480241556 0.0012756873843129924 -0.036950167775320751 0.033332691071417127 0.0031836945594475932
leaf_weight=0.001464395725633949 0.0019874223203260044 0.0012043679562339094 0.0011162769656039018 0.0014417826132557821 0.0014619568828493357
leaf_count=4 22 7 125 11 5
internal_value=0.000559704 0.0146758 -0.024785 0.0260102 0.00232186
internal_weight=0.0086762 0.0055725 0.0031037 0.00290618 0.00266632
internal_count=174 27 147 15 12
is_linear=0
shrinkage=0.05


Tree=192
num_leaves=5
num_cat=0
split_feature=2 2 2 2
split_gain=0.00119583 0.000242369 6.77543e-05 5.16882e-05
threshold=10.500000000000002 4.5000000000000009 18.500000000000004 5.5000000000000009
decision_type=2 2 2 2
left_child=1 -1 -2 -3
right_child=2 3 -4 -5
leaf_value=0.030544165735337615 -0.018119567187653559 0.016400330553625324 -0.033285279453322762 0.0026228486574765139
leaf_weight=0.0017718336202960927 0.001955801425538084 0.0010285059761372395 0.0011812777397608443 0.002013409217397566
leaf_count=11 24 3 122 10
internal_value=0.000189974 0.0158438 -0.0238303 0.00728117
internal_weight=0.00795083 0.00481375 0.00313708 0.00304192
internal_count=170 24 146 13
is_linear=0
shrinkage=0.05


Tree=193
num_leaves=6
num_cat=0
split_feature=2 2 2 21 1
split_gain=0.00108155 0.000271056 9.13127e-05 4.7035e-05 9.88844e-07
threshold=10.500000000000002 5.5000000000000009 18.500000000000004 8.5000000000000018 2.5000000000000004
decision_type=2 2 2 2 2
left_child=1 3 -2 -1 -3
right_child=2 4 -4 -5 -6
leaf_value=0.01813632258450144 -0.017739284197776754 0.0012464110700912505 -0.03595758533343154 0.031388584877338997 0.0031314359502689565
leaf_weight=0.0014046614087419584 0.0019005642343472573 0.0014003938777022995 0.0010778493799534772 0.001279374690966506 0.0013825952482875437
leaf_count=4 23 9 122 10 5
internal_value=-9.03898e-05 0.0131165 -0.0243323 0.0244532 0.0021829
internal_weight=0.00844544 0.00546703 0.00297841 0.00268404 0.00278299
internal_count=173 28 145 14 14
is_linear=0
shrinkage=0.05


Tree=194
num_leaves=5
num_cat=0
split_feature=2 2 1 2
split_gain=0.000921543 0.000282113 5.94316e-05 9.38588e-06
threshold=10.500000000000002 4.5000000000000009 2.5000000000000004 6.5000000000000009
decision_type=2 2 2 2
left_child=1 -1 -2 -3
right_child=2 3 -4 -5
leaf_value=0.029269200257508766 -0.032929694589285734 0.0072945978891260964 -0.017967694185461961 0.0014791593492926973
leaf_weight=0.0016460079368698644 0.0010042492508546275 0.0010772975438158028 0.0019572760265873512 0.001949175897607347
leaf_count=11 78 4 61 11
internal_value=-0.00122065 0.0126098 -0.0230413 0.00354921
internal_weight=0.00763401 0.00467248 0.00296153 0.00302647
internal_count=165 26 139 15
is_linear=0
shrinkage=0.05


Tree=195
num_leaves=6
num_cat=0
split_feature=2 2 2 21 1
split_gain=0.000990711 0.000267425 5.80031e-05 5.37404e-05 2.0852e-06
threshold=10.500000000000002 5.5000000000000009 18.500000000000004 8.5000000000000018 2.5000000000000004
decision_type=2 2 2 2 2
left_child=1 3 -2 -1 -3
right_child=2 4 -4 -5 -6
leaf_value=0.017632722336007222 -0.017809004802158468 2.7171643243283184e-05 -0.032963751731371761 0.031905185473787026 0.0029644473692562977
leaf_weight=0.0013521138607757166 0.0014040590140211862 0.001117837517085718 0.0011473158278931805 0.0012876329183200141 0.0013150460436008871
leaf_count=4 20 9 124 9 5
internal_value=0.000790614 0.0135733 -0.0246239 0.0245946 0.00161486
internal_weight=0.00762401 0.00507263 0.00255137 0.00263975 0.00243288
internal_count=171 27 144 13 14
is_linear=0
shrinkage=0.05


Tree=196
num_leaves=4
num_cat=0
split_feature=20 3 3
split_gain=0.000206349 5.66706e-05 0.000145768
threshold=8.5000000000000018 20.500000000000004 54.500000000000007
decision_type=2 2 2
left_child=-1 -2 -3
right_child=1 2 -4
leaf_value=-0.015049149585540801 0.011196424530222248 -0.010044581759763339 0.0099012904148634614
leaf_weight=0.0017194315573760832 0.0021147545267012902 0.0016638180541121983 0.002038027576645618
leaf_count=95 10 44 22
internal_value=0.000168318 0.00466672 0.000936491
internal_weight=0.00753603 0.0058166 0.00370185
internal_count=171 76 66
is_linear=0
shrinkage=0.05


Tree=197
num_leaves=5
num_cat=0
split_feature=2 2 2 2
split_gain=0.00101556 0.000245557 6.2795e-05 2.1883e-05
threshold=10.500000000000002 4.5000000000000009 18.500000000000004 6.5000000000000009
decision_type=2 2 2 2
left_child=1 -1 -2 -3
right_child=2 3 -4 -5
leaf_value=0.030409726760010872 -0.016941938644466494 0.01091693083977998 -0.032390115436237134 0.0022989832555737485
leaf_weight=0.0016974570380625664 0.0016474330618621025 0.0014490943503915332 0.0010951047152047977 0.001498177443863824
leaf_count=12 22 5 120 8
internal_value=0.00101551 0.015261 -0.0231104 0.0065362
internal_weight=0.00738727 0.00464473 0.00274254 0.00294727
internal_count=167 25 142 13
is_linear=0
shrinkage=0.05


Tree=198
num_leaves=6
num_cat=0
split_feature=2 2 2 21 18
split_gain=0.000955694 0.000256033 6.71692e-05 5.78482e-05 2.26718e-06
threshold=10.500000000000002 5.5000000000000009 18.500000000000004 8.5000000000000018 86.000000000000014
decision_type=2 2 2 2 2
left_child=1 3 -2 -1 -3
right_child=2 4 -4 -5 -6
leaf_value=0.017127160303109994 -0.016628878219200643 -0.00048939026284104876 -0.032458436369130171 0.032278644205910645 0.0028289322617309431
leaf_weight=0.0012299492955207825 0.0017157664210571966 0.0010563112573436229 0.0010996612818416907 0.001291428025069763 0.0010039779881481081
leaf_count=3 22 9 124 10 4
internal_value=0.000114878 0.0142032 -0.0228117 0.0248876 0.00112763
internal_weight=0.00739709 0.00458167 0.00281543 0.00252138 0.00206029
internal_count=172 26 146 13 13
is_linear=0
shrinkage=0.05


Tree=199
num_leaves=6
num_cat=0
split_feature=2 2 2 21 1
split_gain=0.000931522 0.000266296 5.84771e-05 5.61742e-05 3.01003e-06
threshold=10.500000000000002 5.5000000000000009 18.500000000000004 8.5000000000000018 2.5000000000000004
decision_type=2 2 2 2 2
left_child=1 3 -2 -1 -3
right_child=2 4 -4 -5 -6
leaf_value=0.017326067264078662 -0.017062543878927538 -0.00078045093405042188 -0.032260052099435048 0.032144014164151968 0.002883391522573055
leaf_weight=0.0012750591995427385 0.0015140872455958743 0.0010405079556221608 0.0010876680332785327 0.0012833223381676362 0.0012153658317402005
leaf_count=4 22 9 125 11 5
internal_value=0.000689427 0.0137166 -0.0234159 0.024759 0.00119347
internal_weight=0.00741601 0.00481426 0.00260176 0.00255838 0.00225587
internal_count=176 29 147 15 14
is_linear=0
shrinkage=0.05


end of trees

feature_importances:
ai_rank=1297
ai_reason_len=281
ai_level_num=275
package_frequency=125
same_cve_count=120
package_risk_score=103
repo_findings_count=72
severity_x_package_risk=69
severity_num=61
ai_level_x_package_risk=50
has_fix=27
mentions_epss=11
product_findings_count=7
is_ssl_related=3
severity_gap=2

parameters:
[boosting: gbdt]
[objective: lambdarank]
[metric: ndcg]
[tree_learner: serial]
[device_type: cpu]
[data_sample_strategy: bagging]
[data: ]
[valid: ]
[num_iterations: 200]
[learning_rate: 0.05]
[num_leaves: 15]
[num_threads: 0]
[seed: 42]
[deterministic: 0]
[force_col_wise: 0]
[force_row_wise: 0]
[histogram_pool_size: -1]
[max_depth: -1]
[min_data_in_leaf: 2]
[min_sum_hessian_in_leaf: 0.001]
[bagging_fraction: 0.9]
[pos_bagging_fraction: 1]
[neg_bagging_fraction: 1]
[bagging_freq: 1]
[bagging_seed: 400]
[bagging_by_query: 0]
[feature_fraction: 0.9]
[feature_fraction_bynode: 1]
[feature_fraction_seed: 30056]
[extra_trees: 0]
[extra_seed: 12879]
[early_stopping_round: 0]
[early_stopping_min_delta: 0]
[first_metric_only: 0]
[max_delta_step: 0]
[lambda_l1: 0]
[lambda_l2: 0]
[linear_lambda: 0]
[min_gain_to_split: 0]
[drop_rate: 0.1]
[max_drop: 50]
[skip_drop: 0.5]
[xgboost_dart_mode: 0]
[uniform_drop: 0]
[drop_seed: 17869]
[top_rate: 0.2]
[other_rate: 0.1]
[min_data_per_group: 100]
[max_cat_threshold: 32]
[cat_l2: 10]
[cat_smooth: 10]
[max_cat_to_onehot: 4]
[top_k: 20]
[monotone_constraints: ]
[monotone_constraints_method: basic]
[monotone_penalty: 0]
[feature_contri: ]
[forcedsplits_filename: ]
[refit_decay_rate: 0.9]
[cegb_tradeoff: 1]
[cegb_penalty_split: 0]
[cegb_penalty_feature_lazy: ]
[cegb_penalty_feature_coupled: ]
[path_smooth: 0]
[interaction_constraints: ]
[verbosity: -1]
[saved_feature_importance_type: 0]
[use_quantized_grad: 0]
[num_grad_quant_bins: 4]
[quant_train_renew_leaf: 0]
[stochastic_rounding: 1]
[linear_tree: 0]
[max_bin: 255]
[max_bin_by_feature: ]
[min_data_in_bin: 3]
[bin_construct_sample_cnt: 200000]
[data_random_seed: 175]
[is_enable_sparse: 1]
[enable_bundle: 1]
[use_missing: 1]
[zero_as_missing: 0]
[feature_pre_filter: 1]
[pre_partition: 0]
[two_round: 0]
[header: 0]
[label_column: ]
[weight_column: ]
[group_column: ]
[ignore_column: ]
[categorical_feature: ]
[forcedbins_filename: ]
[precise_float_parser: 0]
[parser_config_file: ]
[objective_seed: 16083]
[num_class: 1]
[is_unbalance: 0]
[scale_pos_weight: 1]
[sigmoid: 1]
[boost_from_average: 1]
[reg_sqrt: 0]
[alpha: 0.9]
[fair_c: 1]
[poisson_max_delta_step: 0.7]
[tweedie_variance_power: 1.5]
[lambdarank_truncation_level: 30]
[lambdarank_norm: 1]
[label_gain: 0,1,2,3,4]
[lambdarank_position_bias_regularization: 0]
[eval_at: 3,5,10]
[multi_error_top_k: 1]
[auc_mu_weights: ]
[num_machines: 1]
[local_listen_port: 12400]
[time_out: 120]
[machine_list_filename: ]
[machines: ]
[gpu_platform_id: -1]
[gpu_device_id: -1]
[gpu_use_dp: 0]
[num_gpu: 1]

end of parameters

pandas_categorical:null
